,0,0,0,0,0
fecha,lluvia,luz,viento,temperatura,humedad
2025-12-04 16:00:00,100,200,1.5,22,60
2025-12-04 16:00:00,100,200,1.5,22,1000
2025-12-04 16:00:00,100,200,1.5,22,-100
2025-12-04 16:00:00,100,200,1.5,22,-200
2025-12-04 16:00:00,100,200,1.5,22,-100
2025-12-04 15:44:54,4095,19.17,0,19.4,50
2025-12-04 15:45:03,4095,13.33,0,19.4,50
2025-12-04 15:45:11,4095,13.33,0,19.4,50
2025-12-04 15:45:20,4095,15,0,19.4,50
2025-12-04 15:45:29,4095,12.5,0,19.4,50
2025-12-04 15:45:36,4095,13.33,0,19.4,50
2025-12-04 15:45:44,4095,16.67,0,19.4,50
2025-12-04 15:45:53,4095,15.83,0,19.4,50
2025-12-04 15:46:01,4095,16.67,0,19.4,50
2025-12-04 15:46:13,4095,16.67,0,19.4,50
2025-12-04 15:46:21,4095,16.67,0,19.3,50
2025-12-04 15:46:33,4095,16.67,0,19.3,50
2025-12-04 15:47:02,4095,15,0,19.2,50
2025-12-04 15:47:20,4095,19.17,0,19,50
2025-12-04 15:47:30,2293,18.33,0,19,50
2025-12-04 15:48:32,1787,17.5,0,19,50
2025-12-04 15:48:44,2215,17.5,0,19,50
2025-12-04 15:50:57,3032,9526.67,0,19,50
2025-12-04 15:51:10,3043,4960,0,19,51
2025-12-04 15:51:19,3085,19.17,0,19,51
2025-12-04 15:51:28,3056,27.5,0,19,52
2025-12-04 15:51:37,3105,33.33,0,19,51
2025-12-04 15:51:47,3152,33.33,0,19,51
2025-12-04 15:51:56,3171,34.17,0,19,51
2025-12-04 15:52:04,3173,34.17,0,19,51
2025-12-04 15:52:24,3291,30,0,19,51
2025-12-04 15:52:32,3307,33.33,0,19,50
2025-12-04 15:52:40,3343,28.33,0,19,50
2025-12-04 15:52:50,2187,69.17,0,19,50
2025-12-04 15:54:52,2637,0,0,16.6,50
2025-12-04 15:55:00,2709,9793.33,0,16.6,50
2025-12-04 15:55:09,2703,10839.17,0,16.6,50
2025-12-04 15:55:18,2865,10053.33,0,16.6,50
2025-12-04 15:55:28,2381,10859.17,0,16.6,50
2025-12-04 15:55:36,2379,10953.33,0,16.6,50
2025-12-04 15:55:45,2357,11043.33,0,16.6,50
2025-12-04 15:55:53,2368,11131.67,0,16.6,50
2025-12-04 15:56:02,2365,11209.17,0,16.6,50
2025-12-04 15:56:10,2388,11251.67,0,16.6,50
2025-12-04 15:56:18,2434,11269.17,0,16.6,50
2025-12-04 15:56:26,2481,11283.33,0,16.6,50
2025-12-04 15:56:36,2605,11265.83,0,16.6,50
2025-12-04 15:56:45,2727,11248.33,0,16.6,50
2025-12-04 15:56:54,2827,11246.67,0,16.6,50
2025-12-04 15:57:05,2981,11215.83,0,16.6,50
2025-12-04 15:57:22,3232,11135.83,0,16.6,50
2025-12-04 15:57:31,3365,11074.17,0,16.6,50
2025-12-04 15:57:56,3733,10879.17,0,16.6,50
2025-12-04 15:58:37,4095,10503.33,0,16.1,50
2025-12-04 16:00:52,2320,15463.33,0,16.1,50
2025-12-04 16:01:02,2321,25076.67,0,16.1,50
2025-12-04 16:01:14,2374,44284.16,0,16.1,51
2025-12-04 16:01:23,2370,54612.5,0,16.6,51
2025-12-04 16:01:32,2359,54612.5,0,17,51
2025-12-04 16:01:40,2359,54612.5,0,17.4,51
2025-12-04 16:01:55,2288,52526.66,0,17.8,50
2025-12-04 16:02:03,2202,54612.5,0,18.6,50
2025-12-04 16:02:12,2207,54612.5,0,19,50
2025-12-04 16:02:20,2240,54612.5,0,19.4,50
2025-12-04 16:02:28,2288,54612.5,0,19.8,49
2025-12-04 16:02:37,2274,54612.5,0,20.2,49
2025-12-04 16:02:46,2285,54612.5,0,20.6,49
2025-12-04 16:02:54,2286,54612.5,0,21.4,47
2025-12-04 16:03:04,2305,54612.5,0,21.8,47
2025-12-04 16:03:12,2341,54612.5,0,22.2,46
2025-12-04 16:03:21,2448,54612.5,0,22.6,46
2025-12-04 16:03:30,2661,54612.5,0,23,45
2025-12-04 16:03:38,3294,54606.66,0,23.4,44
2025-12-04 16:03:47,4095,47750,0,23.8,44
2025-12-04 16:03:55,3948,54586.66,0,23.8,43
2025-12-04 16:04:04,3993,54612.5,0,23.8,43
2025-12-04 16:04:13,4095,54612.5,0,23.8,43
2025-12-04 16:04:21,4095,54612.5,0,23.8,42
2025-12-04 16:04:30,4095,54612.5,0,24.1,42
2025-12-04 16:04:38,4095,54612.5,0,24.2,42
2025-12-04 16:05:09,4095,37285,15.83,24.5,42
2025-12-04 16:05:24,4095,54612.5,8.48,26.2,40
2025-12-04 16:05:33,4095,54612.5,0,26.7,40
2025-12-04 16:05:49,4095,54612.5,0,27.1,39
2025-12-04 16:06:04,4095,39428.33,0,0,0
2025-12-04 16:06:14,4095,54612.5,0,0,0
2025-12-04 16:06:24,4095,54612.5,0,0,0
2025-12-04 16:06:34,4095,54612.5,0,0,0
2025-12-04 16:06:42,4095,54612.5,0,0,0
2025-12-04 16:06:51,4095,54612.5,0,0,0
2025-12-04 16:07:00,4095,54612.5,0,0,0
2025-12-04 16:07:09,4095,54612.5,0,0,0
2025-12-04 16:07:18,4095,54612.5,0.57,0,0
2025-12-04 16:07:27,4095,54612.5,0,0,0
2025-12-04 16:07:36,4095,54612.5,0,30.2,32
2025-12-04 16:07:45,4095,54612.5,0,30.2,32
2025-12-04 16:07:53,4095,54612.5,0,29.8,32
2025-12-04 16:08:02,4095,54612.5,0,29.8,32
2025-12-04 16:08:11,4095,54612.5,0,29.8,31
2025-12-04 16:08:19,4095,54612.5,0,29.3,31
2025-12-04 16:08:27,4095,54612.5,0,29.8,31
2025-12-04 16:08:37,4095,54612.5,0,29.8,31
2025-12-04 16:08:45,4095,54612.5,0,29.8,31
2025-12-04 16:08:54,4095,54612.5,0,29.8,31
2025-12-04 16:09:03,4095,54612.5,0,30.2,30
2025-12-04 16:09:12,4095,54612.5,0,30.2,30
2025-12-04 16:09:21,4095,54612.5,0,30.8,30
2025-12-04 16:09:30,4095,54612.5,0,30.8,29
2025-12-04 16:09:38,4095,54612.5,0,30.8,29
2025-12-04 16:09:46,4095,54612.5,0,30.8,29
2025-12-04 16:09:54,4095,54612.5,0,30.8,28
2025-12-04 16:10:03,4095,54612.5,0,31.3,28
2025-12-04 16:10:18,4095,54612.5,0,31.3,28
2025-12-04 16:10:26,4095,54612.5,0,31.8,28
2025-12-04 16:10:35,4095,54612.5,0,31.8,27
2025-12-04 16:10:43,4095,54612.5,0,31.8,27
2025-12-04 16:10:50,4095,54612.5,0,32.3,27
2025-12-04 16:11:00,4095,54612.5,0,32.3,27
2025-12-04 16:11:17,4095,54612.5,0,32.3,27
2025-12-04 16:11:25,4095,54612.5,0,32.3,26
2025-12-04 16:11:33,4095,54612.5,0,32.3,26
2025-12-04 16:11:42,4095,54612.5,0,32.3,26
2025-12-04 16:11:50,4095,54612.5,0,32.3,26
2025-12-04 16:11:59,4095,54612.5,0,0,0
2025-12-04 16:12:07,4095,54612.5,0,31.8,26
2025-12-04 16:12:16,4095,54612.5,0,31.8,26
2025-12-04 16:12:26,4095,54612.5,0,31.3,26
2025-12-04 16:12:34,4095,54612.5,0,31.3,26
2025-12-04 16:12:56,4095,0,0,31.8,26
2025-12-04 16:13:04,4095,54612.5,0,31.8,26
2025-12-04 16:13:12,4095,54612.5,0,31.8,25
2025-12-04 16:13:20,4095,54612.5,0,31.8,25
2025-12-04 16:13:29,4095,54612.5,0,31.8,25
2025-12-04 16:13:37,4095,54612.5,0,31.8,25
2025-12-04 16:13:45,4095,54612.5,0,31.8,25
2025-12-04 16:13:54,4095,54612.5,0,32.3,25
2025-12-04 16:14:02,4095,54612.5,0,32.3,25
2025-12-04 16:14:10,4095,54612.5,0,32.3,25
2025-12-04 16:14:18,4095,54612.5,3.96,32.3,25
2025-12-04 16:14:26,4095,54612.5,0,32.3,25
2025-12-04 16:14:34,4095,54612.5,0,32.3,25
2025-12-04 16:14:42,4095,54612.5,0,31.8,24
2025-12-04 16:14:50,4095,54612.5,0,31.8,24
2025-12-04 16:14:58,4095,54612.5,0,31.8,24
2025-12-04 16:15:06,4095,54612.5,0,31.8,24
2025-12-04 16:15:14,4095,54612.5,0,31.8,24
2025-12-04 16:15:22,4095,54612.5,0,31.8,24
2025-12-04 16:15:30,4095,54612.5,0,31.8,24
2025-12-04 16:15:39,4095,54612.5,0,31.8,24
2025-12-04 16:15:47,4095,54612.5,0,31.3,24
2025-12-04 16:15:55,4095,54612.5,0,31.3,24
2025-12-04 16:16:03,4095,54612.5,0,31.6,24
2025-12-04 16:16:11,4095,54612.5,0,31.7,24
2025-12-04 16:16:19,4095,54612.5,0,31.8,24
2025-12-04 16:16:27,4095,54612.5,0,31.7,24
2025-12-04 16:16:35,4095,54612.5,0,31.3,24
2025-12-04 16:16:44,4095,54612.5,0,31.3,24
2025-12-04 16:16:53,4095,54612.5,0,30.8,24
2025-12-04 16:17:01,4095,54612.5,0,30.8,24
2025-12-04 16:17:09,4095,54612.5,0,30.2,24
2025-12-04 16:17:17,4095,54612.5,0,30.2,24
2025-12-04 16:17:25,4095,54612.5,0,30.2,24
2025-12-04 16:17:33,4095,54612.5,0,30.2,24
2025-12-04 16:17:41,4095,54612.5,0,30.2,24
2025-12-04 16:17:49,4095,54612.5,0,30.2,24
2025-12-04 16:17:57,4095,54612.5,0,30.2,24
2025-12-04 16:18:06,4095,54612.5,0,29.8,25
2025-12-04 16:18:16,4095,54612.5,0,29.8,26
2025-12-04 16:18:24,4095,54612.5,0,29.8,26
2025-12-04 16:18:32,4095,54612.5,0,29.8,26
2025-12-04 16:18:41,4095,54612.5,0,29.8,26
2025-12-04 16:18:50,4095,54612.5,0,30.1,25
2025-12-04 16:18:58,4095,54612.5,0,30.2,25
2025-12-04 16:19:06,4095,54612.5,0.57,30.2,25
2025-12-04 16:19:15,4095,54612.5,1.13,30.7,25
2025-12-04 16:19:23,4095,54612.5,0,30.7,25
2025-12-04 16:19:32,4095,54612.5,0,30.8,25
2025-12-04 16:19:41,4095,54612.5,0,30.8,25
2025-12-04 16:19:49,4095,54612.5,0,30.8,25
2025-12-04 16:19:58,4095,54612.5,0,31.3,25
2025-12-04 16:20:06,4095,54570,0,31.3,25
2025-12-04 16:20:14,4095,54612.5,0,31.3,25
2025-12-04 16:20:22,4095,54612.5,0,30.8,25
2025-12-04 16:20:32,4095,54612.5,1.13,30.8,25
2025-12-04 16:20:40,4095,54612.5,0,30.2,24
2025-12-04 16:20:48,4095,54612.5,0,29.8,26
2025-12-04 16:20:56,4095,54612.5,0,29.8,25
2025-12-04 16:21:04,4095,54612.5,0,29.8,25
2025-12-04 16:21:12,4095,54612.5,0,29.8,26
2025-12-04 16:21:25,4095,54612.5,0,29.8,26
2025-12-04 16:21:33,4095,54612.5,0,29.8,26
2025-12-04 16:21:42,4095,54561.66,0,30.1,25
2025-12-04 16:21:50,4095,54364.16,0,30.2,25
2025-12-04 16:21:59,4095,54486.66,0,30.2,25
2025-12-04 16:22:13,4095,54315,0,30.7,25
2025-12-04 16:22:22,4095,53388.33,0,30.8,25
2025-12-04 16:22:31,4095,52667.5,0,30.8,25
2025-12-04 16:22:39,4095,51805.83,0,30.6,25
2025-12-04 16:22:48,4095,51040,0,30.2,25
2025-12-04 16:22:56,4095,50100,0,30.2,25
2025-12-04 16:23:47,4095,49373.33,0,29.3,26
2025-12-04 16:24:01,4095,49673.33,0.57,29.3,26
2025-12-04 16:24:16,4095,49903.33,0.57,29,26
2025-12-04 16:24:44,4095,49087.5,0,28.5,26
2025-12-04 16:24:56,4095,49425,0,28,26
2025-12-04 16:25:06,4095,46582.5,0,27.6,28
2025-12-04 16:25:21,4095,27781.67,0,27.6,28
2025-12-04 16:25:32,4095,45901.66,0,27.1,28
2025-12-04 16:26:14,4095,49833.33,0,27.1,29
2025-12-04 16:26:23,4095,50289.16,0,27.1,29
2025-12-04 16:26:34,4095,50635,0,27.1,29
2025-12-04 16:26:46,4095,51014.16,0,27.1,30
2025-12-04 16:27:00,4095,50401.66,0,27.1,30
2025-12-04 16:27:09,4095,51213.33,0,27.6,30
2025-12-04 16:27:19,4095,50960,0,27.6,30
2025-12-04 16:27:27,4095,50580,0,27.6,30
2025-12-04 16:27:35,4095,50370.83,0,27.6,30
2025-12-04 16:27:44,4095,49949.16,0,27.6,30
2025-12-04 16:27:52,4095,49458.33,0.57,27.6,30
2025-12-04 16:28:00,4095,49388.33,0,28,29
2025-12-04 16:28:12,4095,48996.66,0,27.6,30
2025-12-04 16:28:20,4095,49070,0,27.6,30
2025-12-04 16:28:28,4095,49032.5,0,27.1,30
2025-12-04 16:28:37,4095,48306.66,0,27.1,30
2025-12-04 16:28:45,4095,47718.33,0,27.1,30
2025-12-04 16:28:54,4095,46748.33,0,27.1,30
2025-12-04 16:29:03,4095,45480,0,27.1,30
2025-12-04 16:29:14,4095,45078.33,0,27.1,30
2025-12-04 16:29:22,4095,45208.33,0,27.2,30
2025-12-04 16:29:33,4095,44915,0,27.6,30
2025-12-04 16:29:41,4095,44904.16,0,27.6,30
2025-12-04 16:29:50,4095,44293.33,0,28,29
2025-12-04 16:29:58,4095,37041.66,0,28.1,29
2025-12-04 16:30:07,4095,25280.83,0,28.3,29
2025-12-04 16:30:15,4095,19723.33,0,28.1,29
2025-12-04 16:30:24,4095,20905.83,0,28,29
2025-12-04 16:30:32,4095,25309.17,0,28,28
2025-12-04 16:30:41,4095,26304.17,0,27.6,30
2025-12-04 16:30:49,4095,26992.5,0,27.1,30
2025-12-04 16:30:58,4095,23319.17,0,26.7,29
2025-12-04 16:31:06,4095,18780.83,0,26.2,30
2025-12-04 16:31:14,4095,15688.33,0,25.8,30
2025-12-04 16:31:22,4095,14949.17,0,25.3,30
2025-12-04 16:31:30,4095,12878.33,0,24.9,30
2025-12-04 16:31:38,4095,10225,0,24.5,30
2025-12-04 16:31:46,4095,8823.33,0,24.5,31
2025-12-04 16:31:54,4095,8160,0,24.1,31
2025-12-04 16:32:03,4095,7715.83,0,23.8,31
2025-12-04 16:32:11,4095,7468.33,0,23.4,32
2025-12-04 16:32:20,4095,7305.83,0,23.4,32
2025-12-04 16:32:28,4095,7170,0,23,32
2025-12-04 16:32:36,4095,7045.83,0,22.7,33
2025-12-04 16:32:45,4095,6935,0,22.3,33
2025-12-04 16:32:55,4095,6864.17,0,22.2,33
2025-12-04 16:33:03,4095,6836.67,0,21.8,34
2025-12-04 16:33:11,4095,6864.17,0,21.4,34
2025-12-04 16:33:21,4095,6885,0,21.4,34
2025-12-04 16:33:29,4095,6792.5,0,21,34
2025-12-04 16:33:39,4095,6705,0,20.7,36
2025-12-04 16:33:46,4095,6610.83,0,20.6,37
2025-12-04 16:33:55,4095,6535,0,20.2,37
2025-12-04 16:34:03,4095,6511.67,0,20.2,38
2025-12-04 16:34:14,4095,6534.17,0,20.1,38
2025-12-04 16:34:23,4095,6553.33,0,19.8,39
2025-12-04 16:34:31,4095,6538.33,0,19.8,39
2025-12-04 16:34:40,4095,6539.17,0,19.5,39
2025-12-04 16:34:48,4095,6595.83,0,19.4,40
2025-12-04 16:34:57,4095,6625.83,0,19.4,40
2025-12-04 16:35:05,4095,6670,0,19.4,40
2025-12-04 16:35:18,4095,6770,0,19.3,40
2025-12-04 16:35:26,4095,6812.5,0,19,41
2025-12-04 16:35:34,4095,6840,0,18.8,41
2025-12-04 16:35:43,4095,6781.67,0,18.7,42
2025-12-04 16:35:52,4095,6700.83,0,18.6,42
2025-12-04 16:36:00,4095,6649.17,0,18.6,42
2025-12-04 16:36:08,4095,6673.33,0.57,18.3,43
2025-12-04 16:36:16,4095,6737.5,0,18.2,43
2025-12-04 16:00:00,100,200,1.5,22,60
2025-12-04 16:00:00,100,200,1.5,22,1000
2025-12-04 16:36:25,4095,6861.67,0,18.2,43
2025-12-04 16:36:33,4095,6890.83,0,17.9,44
2025-12-04 16:36:43,4095,6864.17,0,17.9,44
2025-12-04 16:36:51,4095,6803.33,0,17.9,44
2025-12-04 16:36:59,4095,6820.83,0,17.9,44
2025-12-04 16:37:07,4095,6925.83,0,17.8,45
2025-12-04 16:37:16,4095,6994.17,0,17.8,45
2025-12-04 16:37:24,4095,7107.5,0,17.8,45
2025-12-04 16:37:33,4095,7107.5,0,17.5,45
2025-12-04 16:37:41,4095,7030,0,17.5,45
2025-12-04 16:37:50,4095,6973.33,0,17.4,45
2025-12-04 16:37:59,4095,6959.17,0,17.4,45
2025-12-04 16:38:09,4095,6955.83,0,17.4,46
2025-12-04 16:38:17,4095,7002.5,0,17.4,46
2025-12-04 16:38:35,4095,7273.33,0,17.4,46
2025-12-04 16:39:13,4095,7188.33,0,17.4,46
2025-12-04 16:39:23,4095,7071.67,0,17,47
2025-12-04 16:39:33,4095,7090,0,17,47
2025-12-04 16:39:41,4095,7105,0,17,47
2025-12-04 16:40:00,4095,7004.17,0,17,47
2025-12-04 16:40:08,4095,6985,0,17,48
2025-12-04 16:40:17,4095,6976.67,0,17,48
2025-12-04 16:40:26,4095,6969.17,0,17,48
2025-12-04 16:40:33,4095,6960,0,17,48
2025-12-04 16:40:42,4095,6960.83,0,17,48
2025-12-04 16:41:03,4095,6900.83,0,16.6,48
2025-12-04 16:41:14,4095,6890,0,16.6,48
2025-12-04 16:41:36,4095,6959.17,0,16.6,49
2025-12-04 16:41:48,4095,7108.33,0,16.6,49
2025-12-04 16:42:02,4095,7088.33,0,16.6,49
2025-12-04 16:42:11,4095,7010.83,0,16.6,49
2025-12-04 16:42:25,4095,7037.5,0,16.6,49
2025-12-04 16:42:43,4095,6940,0,16.6,49
2025-12-04 16:42:51,4095,6908.33,0,16.2,49
2025-12-04 16:42:59,4095,6895,0,16.2,49
2025-12-04 16:43:07,4095,6895.83,0,16.1,49
2025-12-04 16:43:15,4095,6885.83,0,16.1,50
2025-12-04 16:43:24,4095,6877.5,0,16.1,50
2025-12-04 16:43:33,4095,6914.17,0,16.1,50
2025-12-04 16:43:42,4095,6938.33,0,16.1,50
2025-12-04 16:43:50,4095,6966.67,0,16.2,50
2025-12-04 16:43:58,4095,6938.33,0,16.2,50
2025-12-04 16:44:07,4095,6764.17,0,16.2,50
2025-12-04 16:44:15,4095,6606.67,0,16.2,50
2025-12-04 16:44:23,4095,6495,0,16.2,50
2025-12-04 16:44:31,4095,6391.67,0,16.2,50
2025-12-04 16:44:41,4095,6298.33,0,16.2,50
2025-12-04 16:44:49,4095,6226.67,0,16.2,50
2025-12-04 16:44:57,4095,6142.5,0,16.2,50
2025-12-04 16:45:05,4095,6078.33,0,16.2,50
2025-12-04 16:45:13,4095,6022.5,0,16.2,50
2025-12-04 16:45:22,4095,5970.83,0,16.1,50
2025-12-04 16:45:30,4095,5924.17,0,16.1,50
2025-12-04 16:45:39,4095,5876.67,0,16.2,50
2025-12-04 16:45:47,4095,5832.5,0,16.1,50
2025-12-04 16:45:56,4095,5792.5,0,16.2,50
2025-12-04 16:46:04,4095,5755,0,16.1,50
2025-12-04 16:46:12,4095,5717.5,0,16.1,50
2025-12-04 16:46:20,4095,5676.67,0,16.1,50
2025-12-04 16:46:28,4095,5621.67,0,16.1,50
2025-12-04 16:46:37,4095,5569.17,0,16.1,50
2025-12-04 16:46:45,4095,5538.33,0,16.1,50
2025-12-04 16:46:55,4095,5487.5,0,15.7,51
2025-12-04 16:47:03,4095,5348.33,0.57,15.7,51
2025-12-04 16:47:14,4095,5416.67,0,15.7,51
2025-12-04 16:47:22,4095,5388.33,0,15.7,51
2025-12-04 16:47:30,4095,5251.67,0.57,15.6,52
2025-12-04 16:47:38,4095,5302.5,0,15.3,52
2025-12-04 16:47:48,4095,5240.83,0.57,15.2,52
2025-12-04 16:47:56,4095,5292.5,0,15.2,52
2025-12-04 16:48:04,4095,5282.5,0,15.2,52
2025-12-04 16:48:12,4095,5082.5,0.57,15.1,52
2025-12-04 16:48:20,4095,5143.33,0.57,14.8,53
2025-12-04 16:48:29,4095,5114.17,0,14.8,53
2025-12-04 16:49:23,4095,4865.83,0,14.8,53
2025-12-04 16:49:38,4095,4810,0,14.8,54
2025-12-04 16:49:46,4095,4777.5,0,14.8,54
2025-12-04 16:49:59,4095,4825,0,14.8,54
2025-12-04 16:50:16,4095,4744.17,0,14.8,54
2025-12-04 16:50:25,4095,4706.67,0,14.7,54
2025-12-04 16:50:33,4095,4651.67,0,14.8,54
2025-12-04 16:50:42,4095,4590,0,14.8,54
2025-12-04 16:50:51,4095,4649.17,0,14.8,54
2025-12-04 16:50:59,4095,4608.33,0,14.8,55
2025-12-04 16:51:08,4095,4553.33,0,14.8,55
2025-12-04 16:51:17,4095,4488.33,0,14.5,55
2025-12-04 16:51:25,4095,4425.83,0,14.5,55
2025-12-04 16:51:33,4095,4356.67,0,14.5,55
2025-12-04 16:51:41,4095,4293.33,0,14.5,55
2025-12-04 16:51:50,4095,4228.33,0,14.5,55
2025-12-04 16:51:58,4095,4169.17,0,14.5,55
2025-12-04 16:52:06,4095,4108.33,0,14.5,55
2025-12-04 16:52:15,4095,4059.17,0,14.5,55
2025-12-04 16:52:23,4095,4011.67,0,14.5,55
2025-12-04 16:52:31,4095,3338.33,1.7,14.5,55
2025-12-04 16:52:39,4095,3865.83,0,14.5,55
2025-12-04 16:52:48,4095,3828.33,0,14.5,55
2025-12-04 16:52:57,4095,3795.83,0,14.5,55
2025-12-04 16:53:05,4095,3760,0,14.5,55
2025-12-04 16:53:14,4095,3727.5,0,14.5,55
2025-12-04 16:53:22,4095,3697.5,0,14.5,55
2025-12-04 16:53:30,4095,3610.83,0,14.5,55
2025-12-04 16:53:38,4095,3644.17,0,14.5,55
2025-12-04 16:53:48,4095,3615,0,14.5,55
2025-12-04 16:53:56,4095,3590.83,0,14.5,55
2025-12-04 16:54:04,4095,3564.17,0,14.5,55
2025-12-04 16:54:12,4095,3538.33,0,14.5,55
2025-12-04 16:54:20,4095,3510,0,14.5,55
2025-12-04 16:54:28,4095,3480,0,14.5,55
2025-12-04 16:54:37,4095,3451.67,0,14.5,55
2025-12-04 16:54:45,4095,3415,0,14.5,55
2025-12-04 16:54:53,4095,3394.17,0,14.5,55
2025-12-04 16:55:03,4095,3370.83,0,14.5,55
2025-12-04 16:55:14,4095,3330,0,14.4,55
2025-12-04 16:55:22,4095,3303.33,0,14.4,55
2025-12-04 16:55:31,4095,3276.67,0,14.4,55
2025-12-04 16:55:38,4095,3254.17,0,14.4,55
2025-12-04 16:55:46,4095,3225.83,0,14.4,56
2025-12-04 16:55:54,4095,3188.33,0,14.2,56
2025-12-04 16:56:03,4095,3159.17,0,14.1,56
2025-12-04 16:56:10,4095,3132.5,0,14.1,56
2025-12-04 16:56:19,4095,3113.33,0,14.1,56
2025-12-04 16:56:27,4095,3084.17,0,14.1,56
2025-12-04 16:56:36,4095,2996.67,0,14.1,56
2025-12-04 16:56:44,4095,2978.33,0,14.1,56
2025-12-04 16:56:52,4095,2958.33,0,14.1,56
2025-12-04 16:57:00,4095,2960,0.57,14.1,56
2025-12-04 16:57:09,4095,2931.67,0,14.1,56
2025-12-04 16:57:17,4095,2905.83,0,14.1,56
2025-12-04 16:57:26,4095,2882.5,0,14.1,56
2025-12-04 16:57:34,4095,2857.5,0,14.1,56
2025-12-04 16:57:41,4095,2835.83,0,14.1,56
2025-12-04 16:57:50,4095,2806.67,0,14.1,56
2025-12-04 16:57:59,4095,2780.83,0,14.1,56
2025-12-04 16:58:07,4095,2755,0,14.1,56
2025-12-04 16:58:15,4095,2732.5,0,14.1,56
2025-12-04 16:58:23,4095,2707.5,0,14.1,56
2025-12-04 16:58:31,4095,2685,0,14.1,56
2025-12-04 16:58:39,4095,2661.67,0,14.1,57
2025-12-04 16:58:48,4095,2640.83,0,14.1,57
2025-12-04 16:58:56,4095,2624.17,0,14.1,57
2025-12-04 16:59:04,4095,2604.17,0,14.1,56
2025-12-04 16:59:12,4095,2587.5,0,14.1,57
2025-12-04 16:59:21,4095,2566.67,0,14.1,56
2025-12-04 16:59:32,4095,2546.67,0,14,56
2025-12-04 16:59:41,4095,2532.5,0,13.8,56
2025-12-04 16:59:49,4095,2518.33,0,13.8,56
2025-12-04 16:59:58,4095,2499.17,0,13.8,57
2025-12-04 17:00:06,4095,2485,0,13.8,56
2025-12-04 17:00:15,4095,2469.17,0,13.8,56
2025-12-04 17:00:26,4095,2451.67,0,13.8,56
2025-12-04 17:00:34,4095,2440,0,13.8,56
2025-12-04 17:00:42,4095,2429.17,0,13.8,56
2025-12-04 17:00:52,4095,2418.33,0,13.7,56
2025-12-04 17:01:01,4095,2409.17,0,13.7,56
2025-12-04 17:01:30,4095,2385.83,0,13.7,57
2025-12-04 17:02:21,4095,2355,0,13.7,57
2025-12-04 17:02:29,4095,2350,0,13.4,57
2025-12-04 17:02:38,4095,2338.33,0,13.4,57
2025-12-04 17:02:48,4095,2330,0,13.4,57
2025-12-04 17:03:03,4095,2317.5,0,13.4,57
2025-12-04 17:03:34,4095,2298.33,0,13.4,58
2025-12-04 17:03:54,4095,2288.33,0,13.4,58
2025-12-04 17:04:10,4095,2285.83,0,13.4,58
2025-12-04 17:04:20,4095,2283.33,0,13.4,58
2025-12-04 17:04:28,4095,2281.67,0,13.4,58
2025-12-04 17:04:39,4095,2282.5,0,13.4,58
2025-12-04 17:05:45,4095,2288.33,0,13.4,58
2025-12-04 17:05:54,4095,2282.5,0,13.3,59
2025-12-04 17:06:02,4095,2276.67,0,13.3,59
2025-12-04 17:06:12,4095,2269.17,0,13.3,59
2025-12-04 17:06:25,4095,2257.5,0,13.3,59
2025-12-04 17:06:33,4095,2251.67,0,13.3,59
2025-12-04 17:06:42,4095,2242.5,0,13.3,59
2025-12-04 17:06:53,4095,2228.33,0,13.3,59
2025-12-04 17:07:01,4095,2218.33,0,13.3,59
2025-12-04 17:07:17,4095,2200,0,13.3,59
2025-12-04 17:07:28,4095,2184.17,0,13.3,59
2025-12-04 17:07:37,4095,2172.5,0,13.3,59
2025-12-04 17:07:45,4095,2159.17,0,13.3,59
2025-12-04 17:07:55,4095,2146.67,0,13.3,59
2025-12-04 17:08:03,4095,2129.17,0,13.1,59
2025-12-04 17:08:12,4095,2115.83,0,13,60
2025-12-04 17:08:20,4095,2102.5,0,13.1,60
2025-12-04 17:08:29,4095,2085.83,0,13.3,60
2025-12-04 17:08:41,4095,2064.17,0,13.3,60
2025-12-04 17:08:50,4095,2047.5,0,13.3,60
2025-12-04 17:08:58,4095,2032.5,0,13.3,60
2025-12-04 17:09:06,4095,2016.67,0,13.3,60
2025-12-04 17:09:16,4095,2000.83,0,13.3,60
2025-12-04 17:09:24,4095,1988.33,0,13.3,60
2025-12-04 17:09:34,4095,1970.83,0,13.3,60
2025-12-04 17:09:54,4095,1940.83,0,13.4,60
2025-12-04 17:10:03,4095,1930.83,0,13.3,60
2025-12-04 17:10:11,4095,1918.33,0,13.3,60
2025-12-04 17:10:20,4095,1909.17,0,13.4,60
2025-12-04 17:10:28,4095,1900,0,13.3,60
2025-12-04 17:10:37,4095,1891.67,0,13.4,60
2025-12-04 17:10:46,4095,1882.5,0,13.3,60
2025-12-04 17:10:54,4095,1873.33,0,13.4,60
2025-12-04 17:11:07,4095,1859.17,0,13.4,60
2025-12-04 17:11:20,4095,1845.83,0,13.3,60
2025-12-04 17:11:31,4095,1834.17,0,13.3,60
2025-12-04 17:11:39,4095,1825,0,13.3,60
2025-12-04 17:11:47,4095,1816.67,0,13.3,60
2025-12-04 17:11:58,4095,1801.67,0,13.3,60
2025-12-04 17:12:06,4095,1790.83,0,13.3,60
2025-12-04 17:12:14,4095,1780.83,0,13.3,60
2025-12-04 17:12:22,4095,1770.83,0,13.3,60
2025-12-04 17:12:30,4095,1757.5,0,13.3,60
2025-12-04 17:12:39,4095,1745.83,0,13.3,60
2025-12-04 17:12:48,4095,1733.33,0,13.3,60
2025-12-04 17:13:00,4095,1713.33,0,13.3,60
2025-12-04 17:13:11,4095,1697.5,0,13.3,60
2025-12-04 17:13:20,4095,1682.5,0,13.3,60
2025-12-04 17:13:28,4095,1669.17,0,13.3,60
2025-12-04 17:13:38,4095,1650.83,0,13.3,60
2025-12-04 17:13:48,4095,1632.5,0,13,60
2025-12-04 17:13:58,4095,1615,0,13,60
2025-12-04 17:14:06,4095,1597.5,0,13,60
2025-12-04 17:14:15,4095,1581.67,0,13,60
2025-12-04 17:14:46,4095,1525,0,13,60
2025-12-04 17:14:54,4095,1511.67,0,13,60
2025-12-04 17:15:02,4095,1498.33,0,13,60
2025-12-04 17:15:10,4095,1482.5,0,13,60
2025-12-04 17:15:20,4095,1464.17,0,13,60
2025-12-04 17:15:29,4095,1450.83,0,13,60
2025-12-04 17:15:37,4095,1434.17,0,13,60
2025-12-04 17:15:46,4095,1421.67,0,13,60
2025-12-04 17:15:54,4095,1407.5,0,13.1,60
2025-12-04 17:16:05,4095,1390.83,0,13,60
2025-12-04 17:16:13,4095,1375.83,0,13,60
2025-12-04 17:16:22,4095,1363.33,0,13,60
2025-12-04 17:16:31,4095,1349.17,0,13,60
2025-12-04 17:16:40,4095,1335,0,13,60
2025-12-04 17:16:52,4095,1314.17,0,13,60
2025-12-04 17:17:00,4095,1303.33,0,13,60
2025-12-04 17:17:09,4095,1290,0,13,60
2025-12-04 17:17:18,4095,1275,0,13,60
2025-12-04 17:17:35,4095,1250.83,0,13,60
2025-12-04 17:17:43,4095,1238.33,0,13,61
2025-12-04 17:17:52,4095,1225,0,13,61
2025-12-04 17:18:00,4095,1214.17,0,13,61
2025-12-04 17:18:09,4095,1202.5,0,13,61
2025-12-04 17:18:17,4095,1191.67,0,13,61
2025-12-04 17:18:25,4095,1181.67,0,13,61
2025-12-04 17:18:34,4095,1169.17,0,13,61
2025-12-04 17:18:43,4095,1158.33,0,13,61
2025-12-04 17:18:51,4095,1148.33,0,13,61
2025-12-04 17:18:59,4095,1139.17,0,13,61
2025-12-04 17:19:08,4095,1129.17,0,12.9,61
2025-12-04 17:19:16,4095,1117.5,0,13,61
2025-12-04 17:19:43,4095,1088.33,0,13,61
2025-12-04 17:19:55,4095,1075.83,0,12.9,60
2025-12-04 17:20:10,4095,1057.5,0,12.9,61
2025-12-04 17:20:21,4095,1046.67,0,12.6,61
2025-12-04 17:20:31,4095,1035.83,0,12.6,61
2025-12-04 17:20:39,4095,1027.5,0,12.6,61
2025-12-04 17:20:49,4095,1018.33,0,12.7,61
2025-12-04 17:21:43,4095,969.17,0,12.6,61
2025-12-04 17:21:52,4095,959.17,0,12.6,61
2025-12-04 17:22:00,4095,952.5,0,12.6,61
2025-12-04 17:22:24,4095,931.67,0,12.6,61
2025-12-04 17:22:33,4095,924.17,0,12.6,61
2025-12-04 17:22:42,4095,916.67,0,12.6,61
2025-12-04 17:22:55,4095,903.33,0,12.6,61
2025-12-04 17:23:04,4095,896.67,0,12.6,61
2025-12-04 17:23:37,4095,868.33,0,12.6,61
2025-12-04 17:23:45,4095,861.67,0,12.6,61
2025-12-04 17:23:53,4095,854.17,0,12.6,61
2025-12-04 17:24:02,4095,845,0,12.6,61
2025-12-04 17:24:10,4095,838.33,0,12.6,61
2025-12-04 17:24:27,4095,823.33,0,12.6,61
2025-12-04 17:24:36,4095,815.83,0,12.6,61
2025-12-04 17:24:45,4095,807.5,0,12.6,61
2025-12-04 17:24:54,4095,798.33,0,12.6,61
2025-12-04 17:25:08,4095,785,0,12.6,62
2025-12-04 17:25:17,4095,777.5,0,12.6,62
2025-12-04 17:25:26,4095,770.83,0,12.6,62
2025-12-04 17:25:34,4095,764.17,0,12.6,62
2025-12-04 17:25:45,4095,756.67,0,12.6,62
2025-12-04 17:25:53,4095,750,0,12.6,62
2025-12-04 17:26:23,4095,728.33,0,12.6,62
2025-12-04 17:26:35,4095,721.67,0,12.6,62
2025-12-04 17:26:46,4095,715,0,12.6,62
2025-12-04 17:27:02,4095,708.33,0,12.6,62
2025-12-04 17:27:10,4095,704.17,0,12.6,62
2025-12-04 17:27:19,4095,700,0,12.6,62
2025-12-04 17:27:49,4095,687.5,0,12.6,63
2025-12-04 17:27:58,4095,684.17,0,12.6,63
2025-12-04 17:28:09,4095,680,0,12.6,63
2025-12-04 17:28:17,4095,677.5,0,12.6,63
2025-12-04 17:28:26,4095,674.17,0,12.6,63
2025-12-04 17:28:34,4095,671.67,0,12.6,63
2025-12-04 17:28:42,4095,668.33,0,12.6,63
2025-12-04 17:28:50,4095,665,0,12.6,63
2025-12-04 17:28:59,4095,661.67,0,12.6,63
2025-12-04 17:29:07,4095,658.33,0,12.6,63
2025-12-04 17:29:17,4095,655,0,12.6,63
2025-12-04 17:29:26,4095,651.67,0,12.6,63
2025-12-04 17:29:34,4095,648.33,0,12.6,63
2025-12-04 17:29:42,4095,644.17,0,12.6,63
2025-12-04 17:29:50,4095,637.5,0,12.6,63
2025-12-04 17:29:59,4095,632.5,0,12.6,63
2025-12-04 17:30:08,4095,628.33,0,12.6,63
2025-12-04 17:30:19,4095,621.67,0,12.6,63
2025-12-04 17:30:31,4095,614.17,0,12.5,63
2025-12-04 17:30:45,4095,606.67,0,12.5,63
2025-12-04 17:30:54,4095,601.67,0,12.2,63
2025-12-04 17:31:03,4095,595.83,0,12.2,63
2025-12-04 17:31:11,4095,591.67,0,12.2,63
2025-12-04 17:31:20,4095,585,0,12.5,63
2025-12-04 17:31:28,4095,580.83,0,12.5,64
2025-12-04 17:31:37,4095,575,0,12.6,64
2025-12-04 17:31:45,4095,570.83,0,12.6,64
2025-12-04 17:31:53,4095,565.83,0,12.6,64
2025-12-04 17:32:02,4095,561.67,0,12.5,64
2025-12-04 17:32:10,4095,556.67,0,12.5,64
2025-12-04 17:32:18,4095,553.33,0,12.5,64
2025-12-04 17:32:28,4095,548.33,0,12.6,64
2025-12-04 17:32:37,4095,543.33,0,12.4,64
2025-12-04 17:32:46,4095,539.17,0,12.3,64
2025-12-04 17:32:56,4095,535,0,12.2,64
2025-12-04 17:33:04,4095,529.17,0,12.2,64
2025-12-04 17:33:13,4095,525,0,12.2,64
2025-12-04 17:33:21,4095,521.67,0,12.2,64
2025-12-04 17:33:30,4095,517.5,0,12.2,64
2025-12-04 17:33:39,4095,515,0,12.2,64
2025-12-04 17:33:47,4095,511.67,0,12.2,64
2025-12-04 17:33:55,4095,508.33,0,12.2,64
2025-12-04 17:34:04,4095,505.83,0,12.2,64
2025-12-04 17:34:12,4095,502.5,0,12.2,64
2025-12-04 17:34:21,4095,500,0,12.2,64
2025-12-04 17:34:29,4095,497.5,0,12.2,64
2025-12-04 17:34:37,4095,495,0,12.2,64
2025-12-04 17:34:46,4095,492.5,0,12.2,64
2025-12-04 17:34:56,4095,489.17,0,12.4,64
2025-12-04 17:35:05,4095,486.67,0,12.2,64
2025-12-04 17:35:13,4095,484.17,0,12.2,64
2025-12-04 17:35:22,4095,481.67,0,12.2,64
2025-12-04 17:35:31,4095,476.67,0,12.2,64
2025-12-04 17:35:40,4095,474.17,0,12.2,64
2025-12-04 17:36:04,4095,466.67,0,12.2,64
2025-12-04 17:36:16,4095,463.33,0,12.2,64
2025-12-04 17:36:24,4095,460.83,0,12.2,64
2025-12-04 17:36:39,4095,455,0,12.2,64
2025-12-04 17:36:47,4095,453.33,0,12.2,64
2025-12-04 17:36:56,4095,450.83,0,12.2,64
2025-12-04 17:37:13,4095,445.83,0,12.2,64
2025-12-04 17:37:22,4095,443.33,0,12.2,64
2025-12-04 17:37:31,4095,440.83,0,12.2,64
2025-12-04 17:37:39,4095,439.17,0,12.2,64
2025-12-04 17:37:49,4095,436.67,0,12.2,64
2025-12-04 17:38:03,4095,433.33,0,12.2,64
2025-12-04 17:38:11,4095,431.67,0,12.2,64
2025-12-04 17:38:19,4095,431.67,0,12.2,64
2025-12-04 17:38:28,4095,430,0,12.2,64
2025-12-04 17:38:36,4095,429.17,0,12.2,64
2025-12-04 17:38:44,4095,428.33,0,12.2,64
2025-12-04 17:39:08,4095,425,0,12.2,64
2025-12-04 17:39:16,4095,424.17,0,12.2,64
2025-12-04 17:39:24,4095,423.33,0,12.2,64
2025-12-04 17:39:33,4095,423.33,0,12.2,64
2025-12-04 17:39:41,4095,422.5,0,12.2,64
2025-12-04 17:39:49,4095,422.5,0,12.2,64
2025-12-04 17:39:57,4095,421.67,0,12.2,64
2025-12-04 17:40:05,4095,420.83,0,12.2,64
2025-12-04 17:40:13,4095,420.83,0,12.2,64
2025-12-04 17:40:21,4095,420,0,12.2,64
2025-12-04 17:40:29,4095,418.33,0,12.2,64
2025-12-04 17:40:38,4095,418.33,0,12.2,65
2025-12-04 17:40:46,4095,417.5,0,12.2,65
2025-12-04 17:40:56,4095,416.67,0,12.2,65
2025-12-04 17:41:05,4095,415.83,0,12.2,65
2025-12-04 17:41:13,4095,414.17,0,12.2,65
2025-12-04 17:41:21,4095,413.33,0,12.2,65
2025-12-04 17:41:29,4095,412.5,0,12.2,65
2025-12-04 17:41:38,4095,411.67,0,12.2,65
2025-12-04 17:41:46,4095,410.83,0,12.2,65
2025-12-04 17:41:54,4095,410,0,12.2,65
2025-12-04 17:42:02,4095,409.17,0,12.2,65
2025-12-04 17:42:11,4095,408.33,0,12.2,65
2025-12-04 17:42:20,4095,407.5,0,12.2,65
2025-12-04 17:42:28,4095,405.83,0,12.2,65
2025-12-04 17:42:37,4095,405,0,12.2,65
2025-12-04 17:42:45,4095,403.33,0,12.2,65
2025-12-04 17:42:53,4095,401.67,0,12.2,65
2025-12-04 17:43:02,4095,400.83,0,12.2,65
2025-12-04 17:43:10,4095,400,0,12.2,65
2025-12-04 17:43:18,4095,398.33,0,12.2,65
2025-12-04 17:43:26,4095,396.67,0,12.2,65
2025-12-04 17:43:34,4095,395.83,0,12.2,65
2025-12-04 17:43:42,4095,394.17,0,12.2,65
2025-12-04 17:43:51,4095,392.5,0,12.2,65
2025-12-04 17:43:59,4095,391.67,0,12.2,65
2025-12-04 17:44:07,4095,390.83,0,12.2,65
2025-12-04 17:44:15,4095,389.17,0,12.2,65
2025-12-04 17:44:23,4095,387.5,0,12.2,65
2025-12-04 17:44:33,4095,385.83,0,12.2,65
2025-12-04 17:44:41,4095,384.17,0,12.2,65
2025-12-04 17:44:49,4095,381.67,0,12.2,65
2025-12-04 17:45:04,4095,378.33,0,12.2,65
2025-12-04 17:45:18,4095,371.67,0,12.2,65
2025-12-04 17:45:26,4095,369.17,0,12.2,65
2025-12-04 17:45:35,4095,366.67,0,12.2,65
2025-12-04 17:45:43,4095,364.17,0,12.2,65
2025-12-04 17:45:52,4095,360.83,0,12.2,65
2025-12-04 17:46:00,4095,358.33,0,12.2,65
2025-12-04 17:46:09,4095,355.83,0,12.1,65
2025-12-04 17:46:17,4095,353.33,0,12.2,65
2025-12-04 17:46:26,4095,350.83,0,12.2,65
2025-12-04 17:46:34,4095,347.5,0,12.1,65
2025-12-04 17:46:42,4095,345,0,12.2,65
2025-12-04 17:46:49,4095,342.5,0,12.2,65
2025-12-04 17:46:58,4095,340,0,12.1,65
2025-12-04 17:47:06,4095,337.5,0,12.1,65
2025-12-04 17:47:17,4095,334.17,0,12.2,65
2025-12-04 17:47:42,4095,326.67,0,12.2,65
2025-12-04 17:47:59,4095,321.67,0,12.2,65
2025-12-04 17:48:07,4095,316.67,0,12.2,65
2025-12-04 17:48:15,4095,314.17,0,12.2,65
2025-12-04 17:48:23,4095,310.83,0,12.2,65
2025-12-04 17:48:31,4095,308.33,0,12.2,65
2025-12-04 17:48:39,4095,305,0,12.2,65
2025-12-04 17:48:47,4095,301.67,0,12.2,65
2025-12-04 17:48:55,4095,298.33,0,12.1,65
2025-12-04 17:49:05,4095,294.17,0,12.2,65
2025-12-04 17:49:13,4095,290,0,12.2,65
2025-12-04 17:49:23,4095,285.83,0,12.2,65
2025-12-04 17:49:31,4095,282.5,0,12.1,65
2025-12-04 17:49:40,4095,279.17,0,12.2,65
2025-12-04 17:49:48,4095,275.83,0,12.1,65
2025-12-04 17:49:57,4095,273.33,0,12.2,65
2025-12-04 17:50:05,4095,270,0,12.2,65
2025-12-04 17:50:14,4095,265,0,12.2,65
2025-12-04 17:50:22,4095,262.5,0,12.2,65
2025-12-04 17:50:32,4095,258.33,0,12.2,65
2025-12-04 17:50:45,4095,254.17,0,12.1,65
2025-12-04 17:50:53,4095,251.67,0,11.9,65
2025-12-04 17:51:01,4095,249.17,0,11.9,65
2025-12-04 17:51:10,4095,245.83,0,11.8,65
2025-12-04 17:51:18,4095,243.33,0,11.8,65
2025-12-04 17:51:26,4095,240,0,11.8,65
2025-12-04 17:51:36,4095,236.67,0,11.8,65
2025-12-04 17:51:57,4095,230,0,11.8,65
2025-12-04 17:52:05,4095,227.5,0,11.8,65
2025-12-04 17:52:17,4095,224.17,0,11.8,65
2025-12-04 17:52:26,4095,221.67,0,11.8,66
2025-12-04 17:52:34,4095,220,0,11.8,66
2025-12-04 17:52:44,4095,217.5,0,11.8,66
2025-12-04 17:52:52,4095,215.83,0,11.8,66
2025-12-04 17:53:07,4095,210.83,0,11.8,66
2025-12-04 17:53:18,4095,209.17,0,11.8,66
2025-12-04 17:53:27,4095,207.5,0,11.8,66
2025-12-04 17:53:35,4095,205,0,11.8,66
2025-12-04 17:53:44,4095,204.17,0,11.8,66
2025-12-04 17:53:52,4095,202.5,0,11.8,66
2025-12-04 17:54:10,4095,198.33,0,11.8,66
2025-12-04 17:54:19,4095,196.67,0,11.8,66
2025-12-04 17:54:27,4095,194.17,0,11.8,66
2025-12-04 17:54:37,4095,192.5,0,11.8,66
2025-12-04 17:54:46,4095,190,0,11.8,66
2025-12-04 17:54:55,4095,188.33,0,11.8,66
2025-12-04 17:55:04,4095,185.83,0,11.8,66
2025-12-04 17:55:12,4095,184.17,0,11.8,66
2025-12-04 17:55:20,4095,182.5,0,11.8,66
2025-12-04 17:55:28,4095,180.83,0,11.8,66
2025-12-04 17:55:37,4095,178.33,0,11.8,66
2025-12-04 17:55:45,4095,176.67,0,11.9,66
2025-12-04 17:55:53,4095,175,0,12.1,66
2025-12-04 17:56:02,4095,172.5,0,12.1,66
2025-12-04 17:56:10,4095,170.83,0,12.2,66
2025-12-04 17:56:18,4095,169.17,0,12.2,66
2025-12-04 17:56:27,4095,167.5,0,12.2,66
2025-12-04 17:56:35,4095,165.83,0,12.1,66
2025-12-04 17:56:43,4095,164.17,0,12.1,66
2025-12-04 17:56:51,4095,162.5,0,12.2,66
2025-12-04 17:56:59,4095,160.83,0,12.2,66
2025-12-04 17:57:07,4095,157.5,0,12.2,66
2025-12-04 17:57:15,4095,155.83,0,12,66
2025-12-04 17:57:24,4095,155,0,11.8,66
2025-12-04 17:57:32,4095,153.33,0,11.8,66
2025-12-04 17:57:41,4095,151.67,0,11.8,66
2025-12-04 17:57:51,4095,149.17,0,11.8,66
2025-12-04 17:57:59,4095,147.5,0,11.8,66
2025-12-04 17:58:09,4095,145,0,11.8,67
2025-12-04 17:58:21,4095,141.67,0,11.9,67
2025-12-04 17:58:30,4095,140,0,11.8,67
2025-12-04 17:58:38,4095,138.33,0,11.8,67
2025-12-04 17:58:46,4095,135.83,0,11.8,67
2025-12-04 17:58:54,4095,134.17,0,11.8,67
2025-12-04 17:59:03,4095,132.5,0,11.8,67
2025-12-04 17:59:13,4095,130.83,0,11.8,66
2025-12-04 17:59:21,4095,129.17,0,11.8,66
2025-12-04 17:59:30,4095,128.33,0,11.8,66
2025-12-04 17:59:38,4095,127.5,0,11.8,66
2025-12-04 17:59:48,4095,125.83,0,11.7,66
2025-12-04 17:59:57,4095,125,0,11.7,66
2025-12-04 18:00:54,4095,118.33,0,11.4,66
2025-12-04 18:02:09,4095,105,0,10.9,67
2025-12-04 18:02:17,4095,103.33,0,10.5,68
2025-12-04 18:02:25,4095,102.5,0,10.5,68
2025-12-04 18:02:43,4095,100.83,0,10.5,68
2025-12-04 18:02:51,4095,100,0,10.1,68
2025-12-04 18:03:00,4095,99.17,0,10.1,68
2025-12-04 18:03:10,4095,99.17,0,10,68
2025-12-04 18:03:18,4095,99.17,0,10,68
2025-12-04 18:03:32,4095,99.17,0,10,69
2025-12-04 18:03:40,4095,99.17,0,9.9,69
2025-12-04 18:03:48,4070,99.17,0,9.7,69
2025-12-04 18:03:57,4095,100,0,9.7,69
2025-12-04 18:04:05,4081,100.83,0,9.7,69
2025-12-04 18:04:13,3888,101.67,0,9.7,70
2025-12-04 18:04:23,3895,102.5,0,9.6,70
2025-12-04 18:04:39,3731,105,0,9.7,70
2025-12-04 18:04:50,3860,109.17,0,9.6,71
2025-12-04 18:04:58,3923,110.83,0,9.4,71
2025-12-04 18:05:29,4035,117.5,0,9.3,72
2025-12-04 18:05:38,3907,120.83,0,9.3,72
2025-12-04 18:05:49,3910,125,0,9.3,72
2025-12-04 18:06:04,4002,130.83,0,9.3,72
2025-12-04 18:06:14,4071,135,0,9.3,72
2025-12-04 18:06:23,4055,138.33,0,9.3,73
2025-12-04 18:06:33,4074,141.67,0,9.3,73
2025-12-04 18:06:41,3980,144.17,0,9.3,73
2025-12-04 18:06:50,4026,145.83,0,9.3,74
2025-12-04 18:06:58,3807,146.67,0,9.3,74
2025-12-04 18:07:06,3759,146.67,0,9.3,74
2025-12-04 18:07:14,3825,146.67,0,9.3,74
2025-12-04 18:07:24,3782,146.67,0,9.3,74
2025-12-04 18:07:32,3577,165.83,0,9.3,74
2025-12-04 18:07:40,3658,166.67,0,9.3,74
2025-12-04 18:07:48,3678,166.67,0,9.3,74
2025-12-04 18:07:57,3701,167.5,0,9.3,74
2025-12-04 18:08:07,3639,167.5,0,9.3,74
2025-12-04 18:08:20,3495,169.17,0,9.3,74
2025-12-04 18:08:28,3050,169.17,0,9.3,75
2025-12-04 18:08:46,3479,170.83,0,9.3,75
2025-12-04 18:08:55,3127,170.83,0,9.3,75
2025-12-04 18:09:07,3114,171.67,0,9.3,75
2025-12-04 18:09:22,3205,170.83,0,9.3,75
2025-12-04 18:09:30,3583,170.83,0,9,75
2025-12-04 18:09:39,3467,170,0,9.1,75
2025-12-04 18:09:47,2641,169.17,0,9.3,76
2025-12-04 18:09:55,2559,168.33,0,9.3,76
2025-12-04 18:10:03,2656,167.5,0,9.3,76
2025-12-04 18:10:12,2233,166.67,0,9.2,76
2025-12-04 18:10:20,2416,165.83,0,9,76
2025-12-04 18:10:28,2499,165,0,8.9,76
2025-12-04 18:10:37,2587,165,0,8.9,76
2025-12-04 18:10:46,3219,164.17,0,8.9,76
2025-12-04 18:10:54,3524,155.83,0,8.9,76
2025-12-04 18:11:02,3583,153.33,0,8.9,76
2025-12-04 18:11:11,3526,150.83,0,8.9,76
2025-12-04 18:11:21,3539,150,0,8.9,76
2025-12-04 18:11:32,3458,148.33,0,8.9,76
2025-12-04 18:11:42,3433,147.5,0,8.9,76
2025-12-04 18:11:53,3388,145.83,0,8.9,76
2025-12-04 18:12:01,3419,147.5,0,8.9,76
2025-12-04 18:12:12,3291,145.83,0,8.5,76
2025-12-04 18:12:20,3223,145,0,8.5,76
2025-12-04 18:12:29,3136,143.33,0,8.5,76
2025-12-04 18:12:37,3179,141.67,0,8.5,76
2025-12-04 18:12:46,3163,140,0,8.5,76
2025-12-04 18:12:55,3161,139.17,0,8.5,77
2025-12-04 18:13:03,3120,137.5,0,8.5,77
2025-12-04 18:13:11,3146,135.83,0,8.5,77
2025-12-04 18:13:20,3095,134.17,0,8.5,78
2025-12-04 18:13:28,3013,132.5,0,8.5,78
2025-12-04 18:13:36,2887,131.67,0,8.5,78
2025-12-04 18:13:52,2675,144.17,0,8.5,78
2025-12-04 18:14:01,2649,133.33,0,8.5,79
2025-12-04 18:14:10,2557,129.17,0,8.5,79
2025-12-04 18:14:34,2589,121.67,0,8.5,80
2025-12-04 18:14:50,2499,119.17,0,8.5,80
2025-12-04 18:14:58,2453,117.5,0,8.5,80
2025-12-04 18:15:07,2422,115.83,0,8.5,80
2025-12-04 18:15:18,2416,114.17,0,8.5,80
2025-12-04 18:15:31,2302,112.5,0,8.5,80
2025-12-04 18:15:43,2319,110.83,0,8.5,80
2025-12-04 18:15:53,2303,109.17,0,8.5,80
2025-12-04 18:16:01,2287,115,0,8.5,80
2025-12-04 18:16:10,2286,113.33,0,8.5,81
2025-12-04 18:16:18,2295,112.5,0,8.5,81
2025-12-04 18:16:28,2318,110.83,0,8.5,81
2025-12-04 18:16:37,2336,110,0,8.5,81
2025-12-04 18:16:45,2319,108.33,0,8.5,81
2025-12-04 18:16:54,2310,105,0,8.5,81
2025-12-04 18:17:02,2312,104.17,0,8.5,81
2025-12-04 18:17:11,2242,103.33,0,8.5,81
2025-12-04 18:17:19,2030,102.5,0,8.5,81
2025-12-04 18:17:27,1973,100.83,0,8.5,81
2025-12-04 18:17:36,1867,99.17,0,8.5,81
2025-12-04 18:17:45,1757,98.33,0,8.5,82
2025-12-04 18:17:53,1737,96.67,0,8.5,82
2025-12-04 18:18:02,1680,95.83,0,8.5,82
2025-12-04 18:18:10,1600,94.17,0,8.5,82
2025-12-04 18:18:19,1577,93.33,0,8.5,82
2025-12-04 18:18:28,1555,91.67,0,8.5,82
2025-12-04 18:18:36,1525,90.83,0,8.5,82
2025-12-04 18:18:45,1510,90,0,8.5,82
2025-12-04 18:18:53,1495,96.67,0,8.5,82
2025-12-04 18:19:02,1535,95,0,8.5,82
2025-12-04 18:19:10,1505,94.17,0,8.5,82
2025-12-04 18:19:19,1461,93.33,0,8.5,82
2025-12-04 18:19:29,1437,92.5,0,8.5,82
2025-12-04 18:19:37,1931,91.67,0,8.5,82
2025-12-04 18:19:46,1632,90.83,0,8.5,82
2025-12-04 18:19:55,1582,90,0,8.5,82
2025-12-04 18:20:03,1535,88.33,0,8.5,83
2025-12-04 18:20:12,1505,79.17,0,8.5,83
2025-12-04 18:20:22,1595,77.5,0,8.5,82
2025-12-04 18:20:31,1644,76.67,0,8.5,82
2025-12-04 18:20:39,2315,75.83,0,8.5,83
2025-12-04 18:20:48,2281,75,0,8.5,83
2025-12-04 18:20:56,2302,74.17,0,8.4,82
2025-12-04 18:21:05,2304,73.33,0,8.1,82
2025-12-04 18:21:18,2267,72.5,0,8.2,82
2025-12-04 18:21:35,2257,70.83,0,8.1,82
2025-12-04 18:21:50,1517,69.17,0,8.1,82
2025-12-04 18:21:58,1502,68.33,0,8.1,82
2025-12-04 18:22:10,1487,68.33,0,8.1,82
2025-12-04 18:22:19,1456,67.5,0,8.1,82
2025-12-04 18:22:27,1488,67.5,0,8.1,82
2025-12-04 18:22:37,1431,66.67,0,8.1,82
2025-12-04 18:22:46,1421,66.67,0,7.8,82
2025-12-04 18:22:54,1440,65.83,0,7.7,82
2025-12-04 18:23:03,1406,65.83,0,7.7,83
2025-12-04 18:23:11,1376,65.83,0,7.7,83
2025-12-04 18:23:19,1405,65.83,0,7.7,83
2025-12-04 18:23:28,1463,65,0,7.7,83
2025-12-04 18:23:37,1494,65,0,7.7,83
2025-12-04 18:23:45,1482,65,0,7.7,83
2025-12-04 18:23:54,1460,65,0,7.7,83
2025-12-04 18:24:05,1476,65,0,7.7,83
2025-12-04 18:24:14,2305,67.5,0,7.7,83
2025-12-04 18:24:23,1296,66.67,0,7.7,83
2025-12-04 18:24:46,1264,65.83,0,7.7,83
2025-12-04 18:24:57,1360,65.83,0,7.7,83
2025-12-04 18:25:06,1278,65.83,0,7.7,84
2025-12-04 18:25:21,1274,65.83,0,7.7,84
2025-12-04 18:25:30,1226,65.83,0,7.7,84
2025-12-04 18:25:38,1264,65.83,0,7.7,84
2025-12-04 18:25:47,1267,65.83,0,7.7,84
2025-12-04 18:25:55,1249,65,0,7.7,84
2025-12-04 18:26:06,1199,65,0,7.7,84
2025-12-04 18:26:16,1200,65,0,7.7,84
2025-12-04 18:26:25,1223,64.17,0,7.7,84
2025-12-04 18:26:47,1246,63.33,0,7.7,84
2025-12-04 18:26:58,1212,62.5,0,7.7,84
2025-12-04 18:27:06,1238,61.67,0,8,84
2025-12-04 18:27:15,1225,61.67,0,8.1,84
2025-12-04 18:27:29,2303,60.83,0,8.1,84
2025-12-04 18:27:37,2309,60,0,8.1,84
2025-12-04 18:27:46,1149,59.17,0,8.1,84
2025-12-04 18:27:54,1117,59.17,0,8.1,84
2025-12-04 18:28:03,1109,58.33,0,8.1,85
2025-12-04 18:28:12,1104,57.5,0,8.1,85
2025-12-04 18:28:20,1115,57.5,0,8.1,85
2025-12-04 18:28:28,1107,56.67,0,8.1,85
2025-12-04 18:28:41,1082,55.83,0,8.1,85
2025-12-04 18:28:49,1091,55,0,8.1,85
2025-12-04 18:28:57,1094,54.17,0,8.1,85
2025-12-04 18:29:06,1132,51.67,0,8.1,85
2025-12-04 18:29:14,1170,51.67,0,8.1,85
2025-12-04 18:29:22,1159,50.83,0,8.1,85
2025-12-04 18:29:30,1173,50,0,8.1,85
2025-12-04 18:29:39,1180,49.17,0,8.1,84
2025-12-04 18:29:47,1175,49.17,0,8.1,85
2025-12-04 18:29:56,1188,48.33,0,8.1,85
2025-12-04 18:30:08,1200,47.5,0,8.1,84
2025-12-04 18:30:19,1213,46.67,0,8.1,85
2025-12-04 18:30:28,1226,46.67,0,8.1,85
2025-12-04 18:30:36,1251,45.83,0,8.1,84
2025-12-04 18:30:45,1250,45.83,0,8.1,84
2025-12-04 18:30:53,1255,45,0,8.1,85
2025-12-04 18:31:05,1409,45,0,8.1,85
2025-12-04 18:31:14,1296,44.17,0,8.1,85
2025-12-04 18:31:23,1301,44.17,0,8.1,85
2025-12-04 18:31:31,1285,44.17,0,8.1,85
2025-12-04 18:31:39,1303,43.33,0,8.1,85
2025-12-04 18:31:49,1307,43.33,0,8.1,85
2025-12-04 18:31:58,1299,42.5,0,8.1,85
2025-12-04 18:32:09,1326,42.5,0,8.1,85
2025-12-04 18:32:17,1342,42.5,0,8.1,85
2025-12-04 18:32:26,2559,41.67,0,8.1,85
2025-12-04 18:32:35,2596,41.67,0,8.1,85
2025-12-04 18:32:43,2045,41.67,0,8.1,85
2025-12-04 18:32:51,1841,40.83,0,8.1,85
2025-12-04 18:33:15,1599,40.83,0,8.1,85
2025-12-04 18:33:24,1441,40,0,8.1,85
2025-12-04 18:33:32,1494,40,0,8.1,85
2025-12-04 18:34:50,1241,37.5,0,8.1,85
2025-12-04 18:34:59,1654,37.5,0,8.1,85
2025-12-04 18:35:09,1124,36.67,0,8.1,85
2025-12-04 18:35:20,1048,36.67,0,8.1,85
2025-12-04 18:35:29,1068,36.67,0,8.1,85
2025-12-04 18:35:38,1047,35.83,0,8.1,85
2025-12-04 18:35:48,991,35.83,0,8.1,85
2025-12-04 18:35:57,985,35,0,8.1,84
2025-12-04 18:36:21,982,34.17,0,8.1,84
2025-12-04 18:36:29,964,34.17,0,8.1,84
2025-12-04 18:36:37,959,34.17,0,8.1,84
2025-12-04 18:36:46,951,33.33,0,8.1,85
2025-12-04 18:36:54,1008,33.33,0,8.1,84
2025-12-04 18:37:02,967,33.33,0,8.1,84
2025-12-04 18:37:10,957,32.5,0,8.1,84
2025-12-04 18:37:18,960,32.5,0,8.1,85
2025-12-04 18:37:26,959,31.67,0,8.1,84
2025-12-04 18:37:34,982,31.67,0,8.1,85
2025-12-04 18:37:43,963,30.83,0,8.1,85
2025-12-04 18:37:54,955,30,0,8.1,85
2025-12-04 18:38:01,972,30,0,8.1,85
2025-12-04 18:38:10,947,29.17,0,8.1,85
2025-12-04 18:38:19,960,29.17,0,8.1,85
2025-12-04 18:38:27,973,28.33,0,8.1,85
2025-12-04 18:38:35,958,28.33,0,8.1,85
2025-12-04 18:38:43,959,27.5,0,8.1,85
2025-12-04 18:38:51,934,27.5,0,8.1,85
2025-12-04 18:39:00,948,26.67,0,8.1,85
2025-12-04 18:39:09,944,26.67,0,8.1,85
2025-12-04 18:39:17,945,25.83,0,8.1,85
2025-12-04 18:39:25,921,25.83,0,8.1,85
2025-12-04 18:39:34,912,25,0,8.1,85
2025-12-04 18:39:43,941,25,0,8.1,85
2025-12-04 18:39:51,928,24.17,0,8.1,85
2025-12-04 18:40:00,935,24.17,0,8.1,85
2025-12-04 18:40:14,933,23.33,0,8.1,85
2025-12-04 18:40:23,932,22.5,0,8.1,85
2025-12-04 18:40:31,935,22.5,0,8.1,85
2025-12-04 18:40:39,946,21.67,0,8.1,85
2025-12-04 18:40:47,927,21.67,0,8.1,85
2025-12-04 18:40:55,941,20.83,0,8.1,85
2025-12-04 18:41:04,943,20.83,0,8.1,85
2025-12-04 18:41:12,925,20,0,8.1,85
2025-12-04 18:41:21,941,20,0,8.1,85
2025-12-04 18:41:29,949,19.17,0,8.1,85
2025-12-04 18:41:38,947,19.17,0,8.1,85
2025-12-04 18:41:46,927,18.33,0,8.2,85
2025-12-04 18:41:55,938,18.33,0,8.1,85
2025-12-04 18:42:03,1031,18.33,0,8.1,85
2025-12-04 18:42:11,1023,17.5,0,8.1,85
2025-12-04 18:42:20,1034,17.5,0,8.1,85
2025-12-04 18:42:28,1008,17.5,0,8.1,85
2025-12-04 18:42:36,1035,16.67,0,8.1,85
2025-12-04 18:42:45,1057,16.67,0,8.1,85
2025-12-04 18:42:53,1003,16.67,0,8.1,85
2025-12-04 18:43:02,2480,15.83,0,8.1,85
2025-12-04 18:43:10,2516,15.83,0,8.1,85
2025-12-04 18:43:18,1461,15.83,0,8.1,85
2025-12-04 18:43:27,1411,15.83,0,8.1,85
2025-12-04 18:43:35,1063,15.83,0,8.1,85
2025-12-04 18:43:43,1017,15,0,8.1,85
2025-12-04 18:43:51,1088,15,0,8.1,85
2025-12-04 18:44:05,1078,15,0,8.1,85
2025-12-04 18:44:17,1039,14.17,0,8.1,85
2025-12-04 18:44:27,1065,14.17,0,8.1,85
2025-12-04 18:44:35,1057,14.17,0,8.1,85
2025-12-04 18:44:44,1065,14.17,0,8.1,84
2025-12-04 18:44:52,1062,14.17,0,8.1,84
2025-12-04 18:45:09,2403,13.33,0,8.1,84
2025-12-04 18:45:24,1022,13.33,0,8.1,84
2025-12-04 18:47:11,2276,10.83,0,8.1,84
2025-12-04 18:47:20,2267,10.83,0,7.7,84
2025-12-04 18:47:28,2294,10.83,0,7.7,84
2025-12-04 18:47:37,2254,10.83,0,7.7,85
2025-12-04 18:47:46,2224,10.83,0,7.7,84
2025-12-04 18:47:54,2209,10.83,0,7.7,85
2025-12-04 18:48:03,2192,10.83,0,7.7,85
2025-12-04 18:48:11,2207,10,0,7.7,85
2025-12-04 18:48:19,2202,10,0,7.7,85
2025-12-04 18:48:27,2187,10,0,7.7,85
2025-12-04 18:48:36,2183,10,0,7.7,85
2025-12-04 18:48:44,2176,10,0,7.7,85
2025-12-04 18:48:53,2192,10,0,7.7,85
2025-12-04 18:49:01,2190,10,0,7.7,85
2025-12-04 18:49:10,2171,9.17,0,7.7,85
2025-12-04 18:49:18,2158,9.17,0,7.7,85
2025-12-04 18:49:29,2157,9.17,0,7.7,85
2025-12-04 18:49:37,606,9.17,0,7.7,85
2025-12-04 18:49:47,1227,9.17,0,7.7,85
2025-12-04 18:49:56,976,9.17,0,7.7,84
2025-12-04 18:50:31,1102,9.17,0,7.7,84
2025-12-04 18:50:40,1055,9.17,0,7.7,84
2025-12-04 18:50:49,1085,8.33,0,7.7,84
2025-12-04 18:50:58,1062,8.33,0,7.7,84
2025-12-04 18:51:06,1073,8.33,0,7.7,84
2025-12-04 18:51:14,1055,8.33,0,7.7,84
2025-12-04 18:51:23,1069,8.33,0,7.7,85
2025-12-04 18:51:31,1098,8.33,0,7.6,84
2025-12-04 18:51:41,1040,8.33,0,7.3,84
2025-12-04 18:51:49,1091,8.33,0,7.4,84
2025-12-04 18:51:57,1099,8.33,0,7.3,84
2025-12-04 18:52:05,1134,8.33,0,7.3,84
2025-12-04 18:52:14,1104,8.33,0,7.3,85
2025-12-04 18:52:22,1091,8.33,0,7.3,85
2025-12-04 18:52:30,1088,8.33,0,7.3,85
2025-12-04 18:52:38,1111,7.5,0,7.3,85
2025-12-04 18:52:47,1091,7.5,0,7.3,85
2025-12-04 18:52:55,1091,7.5,0,7.3,85
2025-12-04 18:53:03,1081,7.5,0,7.4,85
2025-12-04 18:53:11,1089,7.5,0,7.3,85
2025-12-04 18:53:19,1087,7.5,0,7.3,85
2025-12-04 18:53:27,1104,7.5,0,7.3,85
2025-12-04 18:53:37,1109,7.5,0,7.4,86
2025-12-04 18:53:46,1134,7.5,0,7.6,85
2025-12-04 18:53:56,896,7.5,0,7.6,86
2025-12-04 18:54:04,798,7.5,0,7.6,86
2025-12-04 18:54:12,823,7.5,0,7.7,86
2025-12-04 18:54:20,841,7.5,0,7.6,86
2025-12-04 18:54:28,834,7.5,0,7.7,86
2025-12-04 18:54:36,849,7.5,0,7.7,86
2025-12-04 18:54:44,861,7.5,0,7.7,86
2025-12-04 18:54:52,873,7.5,0,7.7,86
2025-12-04 18:55:02,911,7.5,0,7.7,87
2025-12-04 18:55:18,875,6.67,0,7.7,87
2025-12-04 18:55:26,959,6.67,0,7.7,87
2025-12-04 18:55:43,997,6.67,0,7.7,87
2025-12-04 18:55:51,886,6.67,0,7.7,87
2025-12-04 18:56:07,997,6.67,0,7.7,87
2025-12-04 18:58:25,959,5.83,0,7.8,87
2025-12-04 18:58:33,976,5.83,0,7.7,86
2025-12-04 18:58:44,975,5.83,0,7.7,86
2025-12-04 18:58:53,976,5.83,0,7.7,86
2025-12-04 18:59:01,1016,5.83,0,7.7,86
2025-12-04 18:59:11,1109,5.83,0,7.7,86
2025-12-04 18:59:20,1083,5.83,0,7.7,86
2025-12-04 18:59:29,1104,5.83,0,7.7,86
2025-12-04 18:59:59,1173,5,0,7.7,86
2025-12-04 19:00:15,1693,5,0,7.7,85
2025-12-04 19:00:24,1455,5,0,7.7,86
2025-12-04 19:00:32,3723,5,0,7.7,86
2025-12-04 19:00:39,615,5,0,7.7,86
2025-12-04 19:00:47,627,5,0,7.7,85
2025-12-04 19:00:56,618,5,0,7.7,85
2025-12-04 19:01:04,611,5,0,7.7,85
2025-12-04 19:01:14,622,5,0,7.7,85
2025-12-04 19:01:22,626,5,0,7.7,85
2025-12-04 19:01:30,608,5,0,7.7,85
2025-12-04 19:01:38,626,5,0,7.7,85
2025-12-04 19:01:47,637,5,0,7.7,85
2025-12-04 19:01:55,633,5,0,7.7,85
2025-12-04 19:02:03,646,4.17,0,7.7,85
2025-12-04 19:02:11,632,4.17,0,7.7,85
2025-12-04 19:02:20,650,4.17,0,7.7,85
2025-12-04 19:02:28,647,4.17,0,7.7,85
2025-12-04 19:02:46,628,4.17,0,7.7,85
2025-12-04 19:03:20,634,4.17,0,7.7,84
2025-12-04 19:03:28,641,3.33,0,7.4,84
2025-12-04 19:03:38,640,3.33,0,7.4,84
2025-12-04 19:03:49,624,3.33,0,7.3,84
2025-12-04 19:03:57,631,3.33,0,7.3,84
2025-12-04 19:04:06,634,3.33,0,7.5,84
2025-12-04 19:04:30,630,3.33,0,7.7,84
2025-12-04 19:04:38,634,3.33,0,7.7,85
2025-12-04 19:04:46,624,3.33,0,7.7,85
2025-12-04 19:04:55,623,3.33,0,7.6,85
2025-12-04 19:05:03,624,2.5,0,7.6,85
2025-12-04 19:05:11,636,2.5,0,7.6,85
2025-12-04 19:05:20,622,2.5,0,7.7,86
2025-12-04 19:05:28,619,2.5,0,7.7,85
2025-12-04 19:06:17,635,2.5,0,7.7,85
2025-12-04 19:06:31,615,2.5,0,7.7,86
2025-12-04 19:07:06,599,1.67,0,7.7,86
2025-12-04 19:07:16,602,1.67,0,7.7,86
2025-12-04 19:07:27,629,1.67,0,7.7,86
2025-12-04 19:07:38,620,1.67,0,7.7,86
2025-12-04 19:07:46,599,1.67,0,7.7,86
2025-12-04 19:08:03,613,1.67,0,8.1,86
2025-12-04 19:08:27,624,1.67,0,8.1,86
2025-12-04 19:08:36,617,1.67,0,8.1,86
2025-12-04 19:08:56,615,1.67,0,8.1,86
2025-12-04 19:09:05,615,0.83,0,8.1,86
2025-12-04 19:10:37,604,0.83,0,8.1,86
2025-12-04 19:10:45,604,0.83,0,8.1,86
2025-12-04 19:11:02,614,0.83,0,8.1,86
2025-12-04 19:11:11,599,0.83,0,8.1,86
2025-12-04 19:11:19,619,0.83,0,8.2,86
2025-12-04 19:11:28,613,0.83,0,8.1,86
2025-12-04 19:11:36,624,0.83,0,8.1,86
2025-12-04 19:11:45,611,0.83,0,8.1,86
2025-12-04 19:11:53,609,0.83,0,8.1,86
2025-12-04 19:12:01,603,0.83,0,8.1,86
2025-12-04 19:12:09,620,0.83,0,8.1,86
2025-12-04 19:12:18,605,0.83,0,8.2,86
2025-12-04 19:12:27,626,0.83,0,8.1,86
2025-12-04 19:12:36,626,0.83,0,8.1,86
2025-12-04 19:12:44,618,0.83,0,8.1,86
2025-12-04 19:12:53,625,0.83,0,8.1,86
2025-12-04 19:13:01,625,0.83,0,8.1,86
2025-12-04 19:13:10,613,0.83,0,8.1,86
2025-12-04 19:13:19,617,0,0,8.1,86
2025-12-04 19:13:28,613,0,0,8.1,86
2025-12-04 19:13:36,609,0,0,8.1,86
2025-12-04 19:13:45,623,0,0,8.1,86
2025-12-04 19:13:54,607,0,0,8.1,86
2025-12-04 19:14:03,623,0,0,8.1,86
2025-12-04 19:14:11,608,0,0,8.1,86
2025-12-04 19:14:19,629,0,0,8.1,86
2025-12-04 19:14:28,615,0,0,8.2,86
2025-12-04 19:14:37,614,0,0,8.1,86
2025-12-04 19:14:46,621,0,0,8.1,86
2025-12-04 19:14:54,622,0,0,8.1,86
2025-12-04 19:15:02,618,0,0,8.1,86
2025-12-04 19:15:10,623,0,0,8.1,86
2025-12-04 19:15:19,622,0,0,8.1,86
2025-12-04 19:15:27,611,0,0,8.1,86
2025-12-04 19:15:38,613,0,0,8.1,86
2025-12-04 19:15:47,614,0,0,8.2,86
2025-12-04 19:15:57,603,0,0,8.2,86
2025-12-04 19:16:06,625,0,0,8.1,86
2025-12-04 19:16:14,610,0,0,8.1,86
2025-12-04 19:16:22,611,0,0,8.1,86
2025-12-04 19:16:31,627,0,0,8.1,86
2025-12-04 19:16:41,619,0,0,8.1,86
2025-12-04 19:16:50,625,0,0,8.1,86
2025-12-04 19:17:01,597,0,0,8.1,86
2025-12-04 19:17:09,609,0,0,8.1,86
2025-12-04 19:17:21,615,0,0,8.1,86
2025-12-04 19:19:59,619,0,0,8.1,85
2025-12-04 19:20:07,612,0,0,8.1,86
2025-12-04 19:20:15,622,0,0,8.1,86
2025-12-04 19:20:24,624,0,0,8.1,86
2025-12-04 19:20:36,624,0,0,8.1,86
2025-12-04 19:20:46,624,0,0,8.1,86
2025-12-04 19:20:57,639,0,0,8.1,86
2025-12-04 19:21:37,625,0,0,8.1,86
2025-12-04 19:21:46,606,0,0,8.1,86
2025-12-04 19:22:00,631,0,0,8.1,87
2025-12-04 19:22:08,644,0,0,8.1,87
2025-12-04 19:22:32,620,0,0,8.2,87
2025-12-04 19:22:40,607,0,0,8.5,87
2025-12-04 19:22:49,623,0,0,8.5,87
2025-12-04 19:23:12,631,0,0,8.5,87
2025-12-04 19:23:20,613,0,0,8.5,87
2025-12-04 19:23:28,615,0,0,8.5,87
2025-12-04 19:23:39,624,0,0,8.5,87
2025-12-04 19:23:47,638,0,0,8.5,87
2025-12-04 19:23:55,640,0,0,8.5,87
2025-12-04 19:24:07,619,0,0,8.5,87
2025-12-04 19:24:16,631,0,0,8.5,87
2025-12-04 19:24:24,624,0,0,8.5,87
2025-12-04 19:24:33,631,0,0,8.5,87
2025-12-04 19:24:42,627,0,0,8.5,87
2025-12-04 19:24:51,625,0,0,8.5,86
2025-12-04 19:25:02,625,0,0,8.5,86
2025-12-04 19:25:11,624,0,0,8.5,87
2025-12-04 19:25:20,620,0,0,8.5,86
2025-12-04 19:25:28,624,0,0,8.5,86
2025-12-04 19:25:37,607,0,0,8.5,86
2025-12-04 19:25:46,614,0,0,8.5,86
2025-12-04 19:25:54,623,0,0,8.5,87
2025-12-04 19:26:03,609,0,0,8.5,87
2025-12-04 19:26:11,632,0,0,8.5,86
2025-12-04 19:26:19,629,0,0,8.5,86
2025-12-04 19:26:27,623,0,0,8.5,86
2025-12-04 19:26:35,639,0,0,8.5,86
2025-12-04 19:26:45,641,0,0,8.5,86
2025-12-04 19:26:53,625,0,0,8.5,86
2025-12-04 19:27:03,629,0,0,8.5,86
2025-12-04 19:27:13,625,0,0,8.5,86
2025-12-04 19:27:21,624,0,0,8.5,86
2025-12-04 19:27:29,638,0,0,8.5,86
2025-12-04 19:27:38,625,0,0,8.5,86
2025-12-04 19:27:46,612,0,0,8.5,86
2025-12-04 19:27:57,624,0,0,8.5,86
2025-12-04 19:28:06,642,0,0,8.5,86
2025-12-04 19:28:14,637,0,0,8.5,86
2025-12-04 19:28:23,640,0,0,8.5,86
2025-12-04 19:28:31,624,0,0,8.5,86
2025-12-04 19:28:42,640,0,0,8.5,86
2025-12-04 19:28:50,652,0,0,8.5,86
2025-12-04 19:28:59,630,0,0,8.5,86
2025-12-04 19:29:07,640,0,0,8.5,86
2025-12-04 19:29:15,637,0,0,8.5,85
2025-12-04 19:29:23,635,0,0,8.5,85
2025-12-04 19:29:31,642,0,0,8.5,85
2025-12-04 19:29:40,642,0,0,8.5,85
2025-12-04 19:29:48,644,0,0,8.5,85
2025-12-04 19:29:56,633,0,0,8.2,85
2025-12-04 19:30:04,635,0,0,8.2,85
2025-12-04 19:30:12,643,0,0,8.2,85
2025-12-04 19:30:21,642,0,0,8.1,84
2025-12-04 19:30:30,638,9.17,0,8.1,85
2025-12-04 19:30:38,637,0,2.83,8.1,84
2025-12-04 19:30:47,643,0,0,8.1,84
2025-12-04 19:30:55,640,0,0,8.1,84
2025-12-04 19:31:11,647,0,0,8.1,84
2025-12-04 19:31:21,644,0,0,8.1,84
2025-12-04 19:31:30,651,0,0,8.1,84
2025-12-04 19:31:41,628,0,0,8.1,85
2025-12-04 19:31:49,644,0,0,8.1,84
2025-12-04 19:31:57,650,0,0,8.1,84
2025-12-04 19:32:06,656,0,0,8.1,84
2025-12-04 19:32:14,641,0,0,8.1,84
2025-12-04 19:32:22,627,0,0,8.1,84
2025-12-04 19:32:30,656,0,0,8.1,85
2025-12-04 19:32:38,641,0,0,8.1,85
2025-12-04 19:32:47,635,0,0,8.1,85
2025-12-04 19:32:56,644,0,0,8.1,85
2025-12-04 19:33:05,630,0,0,8.1,85
2025-12-04 19:33:13,645,0,0,8.1,85
2025-12-04 19:33:24,640,0,0,8.1,85
2025-12-04 19:33:33,646,0,0,8.1,85
2025-12-04 19:33:41,637,0,0,8.1,85
2025-12-04 19:33:49,626,0,0,8.1,85
2025-12-04 19:34:00,636,0,0,8.1,85
2025-12-04 19:34:10,641,0,0,8.1,85
2025-12-04 19:34:22,629,0,0,8.1,84
2025-12-04 19:34:35,629,0,0,8.1,85
2025-12-04 19:34:52,652,0,0,8.2,85
2025-12-04 19:35:00,643,0,0,8.1,84
2025-12-04 19:35:19,647,0,0,8.1,84
2025-12-04 19:35:45,643,0,0,8.1,84
2025-12-04 19:36:38,643,0,0,8.1,84
2025-12-04 19:36:58,641,0,0,8.1,84
2025-12-04 19:37:11,631,0,0,8.1,84
2025-12-04 19:37:21,648,0,0,8.1,84
2025-12-04 19:37:59,654,0,0,8.1,84
2025-12-04 19:38:08,653,0,0,8.1,84
2025-12-04 19:38:20,647,0,0,8.1,84
2025-12-04 19:38:28,640,0,0,8.1,84
2025-12-04 19:38:36,641,0,0,8.1,84
2025-12-04 19:38:45,640,0,0,8.1,84
2025-12-04 19:39:03,647,0,0,8.1,84
2025-12-04 19:39:26,640,0,0,8.1,84
2025-12-04 19:39:39,646,0,0,8.1,84
2025-12-04 19:39:51,640,0,0,8.1,84
2025-12-04 19:40:33,646,0,0,8.1,84
2025-12-04 19:40:56,631,0,0,8.1,84
2025-12-04 19:41:09,640,0,0,8.1,84
2025-12-04 19:41:20,643,0,0,8.1,84
2025-12-04 19:41:29,645,0,0,8.1,84
2025-12-04 19:41:37,638,0,0,8.1,84
2025-12-04 19:41:47,656,0,0,8.1,84
2025-12-04 19:41:55,661,0,0,8.1,84
2025-12-04 19:42:03,650,0,0,8.1,84
2025-12-04 19:42:13,659,0,0,8.1,84
2025-12-04 19:42:21,629,0,0,8.1,84
2025-12-04 19:42:32,646,0,0,8.1,84
2025-12-04 19:42:40,640,0,0,8.1,84
2025-12-04 19:42:49,646,0,0,8.1,84
2025-12-04 19:42:57,656,0,0,8.1,84
2025-12-04 19:43:14,656,0,0,8.1,84
2025-12-04 19:43:22,658,0,0,8.2,84
2025-12-04 19:43:31,656,0,0,8.1,84
2025-12-04 19:43:39,656,0,0,8.1,84
2025-12-04 19:43:47,652,0,0,8.1,84
2025-12-04 19:43:56,637,0,0,8.1,84
2025-12-04 19:44:04,656,0,0,8.1,84
2025-12-04 19:44:12,656,0,0,8.1,84
2025-12-04 19:44:22,656,0,0,8.1,84
2025-12-04 19:44:32,641,0,0,8.1,84
2025-12-04 19:44:41,662,0,0,8.1,84
2025-12-04 19:44:49,650,0,0,8.1,84
2025-12-04 19:44:59,651,0,0,8.1,84
2025-12-04 19:45:07,659,0,0,8.1,84
2025-12-04 19:45:16,634,0,0,8.1,84
2025-12-04 19:45:24,656,0,0,8.1,84
2025-12-04 19:45:32,644,0,0,8.1,84
2025-12-04 19:45:42,637,0,0,8.1,84
2025-12-04 19:45:50,635,0,0,8.1,84
2025-12-04 19:45:58,658,0,0,8.1,84
2025-12-04 19:46:06,654,0,0,8.1,84
2025-12-04 19:46:15,645,0,0,8.1,84
2025-12-04 19:46:23,656,0,0,8.1,84
2025-12-04 19:46:31,661,0,0,8.1,84
2025-12-04 19:46:39,651,0,0,8.1,84
2025-12-04 19:46:47,640,0,0,8.1,84
2025-12-04 19:46:56,643,0,0,8.1,84
2025-12-04 19:47:04,643,0,0,8.1,84
2025-12-04 19:47:13,650,0,0,8.1,84
2025-12-04 19:47:22,659,0,0,8.1,84
2025-12-04 19:47:30,658,0,0,8.1,84
2025-12-04 19:47:39,646,0,0,8.1,84
2025-12-04 19:47:47,654,0,0,8.1,84
2025-12-04 19:47:56,655,0,0,8.1,84
2025-12-04 19:48:04,656,0,0,8.1,84
2025-12-04 19:48:13,652,0,0,8.1,84
2025-12-04 19:48:22,644,0,0,8.1,84
2025-12-04 19:48:30,646,0,0,8.1,84
2025-12-04 19:48:38,650,0,0,8.1,84
2025-12-04 19:48:54,645,0,0,8.1,84
2025-12-04 19:49:02,641,0,0,8.1,84
2025-12-04 19:49:10,642,0,0,8.1,84
2025-12-04 19:49:20,652,0,0,8.1,84
2025-12-04 19:49:29,647,0,0,8.1,84
2025-12-04 19:49:37,656,0,0,8.1,84
2025-12-04 19:49:45,662,0,0,8.1,84
2025-12-04 19:49:54,664,0,0,8.1,84
2025-12-04 19:50:02,642,0,0,8.1,84
2025-12-04 19:50:10,672,0,0,8.1,84
2025-12-04 19:50:27,656,0,0,8,84
2025-12-04 19:50:36,646,0,0,7.7,84
2025-12-04 19:50:45,653,0,0,7.7,84
2025-12-04 19:51:01,654,0,0,7.7,84
2025-12-04 19:51:15,629,0,0,7.7,84
2025-12-04 19:51:23,663,0,0,7.7,84
2025-12-04 19:51:32,635,0,0,7.7,84
2025-12-04 19:51:43,641,0,0,7.7,84
2025-12-04 19:51:53,654,0,0,7.7,84
2025-12-04 19:52:04,629,0,0,7.7,84
2025-12-04 19:52:12,630,0,0,7.7,84
2025-12-04 19:52:23,642,0,0,7.7,84
2025-12-04 19:52:37,643,0,0,7.7,84
2025-12-04 19:52:46,649,0,0,7.7,84
2025-12-04 19:52:56,639,0,0,7.7,84
2025-12-04 19:53:04,643,0,0,7.7,84
2025-12-04 19:53:13,625,0,0,7.7,84
2025-12-04 19:53:22,629,0,0,7.7,84
2025-12-04 19:53:38,628,0,0,7.7,84
2025-12-04 19:53:46,635,0,0,7.7,84
2025-12-04 19:53:55,617,0,0,7.7,84
2025-12-04 19:54:03,624,0,0,7.7,84
2025-12-04 19:54:12,641,0,0,7.7,84
2025-12-04 19:54:36,647,0,0,7.7,85
2025-12-04 19:54:44,629,0,0,7.7,85
2025-12-04 19:54:52,617,0,0,7.6,85
2025-12-04 19:55:00,638,0,0,7.6,85
2025-12-04 19:55:09,624,0,0,7.7,85
2025-12-04 19:55:26,623,0,0,7.7,85
2025-12-04 19:55:39,629,0,0,7.7,85
2025-12-04 19:55:48,638,0,0,7.7,85
2025-12-04 19:55:57,634,0,0,7.7,85
2025-12-04 19:56:12,622,0,0,7.7,86
2025-12-04 19:56:21,627,0,0,7.7,85
2025-12-04 19:56:33,634,0,0,7.7,86
2025-12-04 19:56:41,630,0,0,7.7,86
2025-12-04 19:56:49,615,0,0,7.7,86
2025-12-04 19:56:57,638,0,0,7.7,86
2025-12-04 19:57:06,625,0,0,7.7,86
2025-12-04 19:57:15,620,0,0,7.7,86
2025-12-04 19:57:24,628,0,0,7.7,85
2025-12-04 19:57:33,630,0,0,7.7,86
2025-12-04 19:57:41,618,0,0,7.7,86
2025-12-04 19:57:50,629,0,0,7.7,85
2025-12-04 19:58:04,623,0,0,7.7,86
2025-12-04 19:58:13,624,0,0,7.7,86
2025-12-04 19:58:21,647,0,0,7.7,86
2025-12-04 19:58:29,627,0,0,7.7,86
2025-12-04 19:58:37,642,0,0,7.7,86
2025-12-04 19:58:46,623,0,0,7.7,86
2025-12-04 19:58:54,633,0,0,7.7,86
2025-12-04 19:59:02,616,0,0,7.6,86
2025-12-04 19:59:11,624,0,0,7.7,86
2025-12-04 19:59:19,618,0,0,7.7,86
2025-12-04 19:59:27,626,0,0,7.7,86
2025-12-04 19:59:36,637,0,0,7.7,86
2025-12-04 19:59:44,641,0,0,7.7,86
2025-12-04 19:59:53,640,0,0,7.7,86
2025-12-04 20:00:01,625,0,0,7.7,86
2025-12-04 20:00:18,631,0,0,7.7,86
2025-12-04 20:00:43,624,0,0,7.7,87
2025-12-04 20:00:56,624,0,0,7.7,87
2025-12-04 20:01:09,623,0,0,7.7,87
2025-12-04 20:01:17,638,0,0,7.7,87
2025-12-04 20:01:27,643,0,0,7.7,87
2025-12-04 20:01:35,650,0,0,7.7,87
2025-12-04 20:01:44,630,0,0,7.7,87
2025-12-04 20:01:53,637,0,0,7.7,87
2025-12-04 20:02:01,623,0,0,7.7,87
2025-12-04 20:02:09,644,0,0,7.7,87
2025-12-04 20:02:17,637,0,0,7.7,87
2025-12-04 20:02:26,640,0,0,7.7,87
2025-12-04 20:02:34,651,0,0,7.7,87
2025-12-04 20:02:43,637,0,0,7.7,87
2025-12-04 20:02:51,624,0,0,7.7,87
2025-12-04 20:03:04,645,0,0,7.7,87
2025-12-04 20:03:12,656,0,0,7.7,87
2025-12-04 20:03:19,639,0,0,7.7,87
2025-12-04 20:03:27,629,0,0,7.7,87
2025-12-04 20:03:36,634,0,0,7.7,87
2025-12-04 20:03:47,654,0,0,7.7,87
2025-12-04 20:03:56,625,0,0,7.7,87
2025-12-04 20:04:04,646,0,0,7.7,87
2025-12-04 20:04:12,639,0,0,7.7,87
2025-12-04 20:04:20,642,0,0,7.7,87
2025-12-04 20:04:28,642,0,0,7.7,87
2025-12-04 20:04:38,639,0,0,7.7,87
2025-12-04 20:04:47,643,0,0,7.7,87
2025-12-04 20:04:55,645,0,0,7.7,87
2025-12-04 20:05:03,626,0,0,7.7,87
2025-12-04 20:05:13,656,0,0,7.7,87
2025-12-04 20:05:22,637,0,0,7.7,87
2025-12-04 20:05:37,643,0,0,7.7,87
2025-12-04 20:05:46,645,0,0,7.7,87
2025-12-04 20:06:01,637,0,0,7.7,87
2025-12-04 20:06:09,650,0,0,7.7,87
2025-12-04 20:06:17,653,0,0,7.7,87
2025-12-04 20:06:27,654,0,0,7.7,87
2025-12-04 20:06:35,634,0,0,7.7,87
2025-12-04 20:06:44,656,0,0,7.7,87
2025-12-04 20:06:52,649,0,0,7.7,87
2025-12-04 20:07:00,639,0,0,7.7,87
2025-12-04 20:07:09,641,0,0,7.7,87
2025-12-04 20:07:17,635,0,0,7.7,87
2025-12-04 20:07:25,651,0,0,7.7,87
2025-12-04 20:07:33,643,0,0,7.7,87
2025-12-04 20:07:41,626,0,0,7.7,87
2025-12-04 20:07:50,635,0,0,7.7,87
2025-12-04 20:07:59,639,0,0,7.7,87
2025-12-04 20:08:08,639,0,0,7.7,87
2025-12-04 20:08:57,640,0,0,7.7,87
2025-12-04 20:09:13,621,0,0,7.7,87
2025-12-04 20:09:30,640,0,0,7.7,87
2025-12-04 20:09:42,576,0,0,7.7,87
2025-12-04 20:11:12,661,0,0,7.7,87
2025-12-04 20:11:27,668,0,0,7.7,87
2025-12-04 20:11:52,679,0,0,7.7,87
2025-12-04 20:12:00,643,0,0,7.7,87
2025-12-04 20:12:18,671,0,0,7.7,87
2025-12-04 20:12:25,668,0,0,7.6,86
2025-12-04 20:12:37,682,0,0,7.7,86
2025-12-04 20:12:50,691,0,0,7.6,86
2025-12-04 20:13:11,679,0,0,7.3,86
2025-12-04 20:13:19,700,0,0,7.3,86
2025-12-04 20:13:31,714,0,0,7.3,86
2025-12-04 20:13:48,719,0,0,7.3,87
2025-12-04 20:14:03,713,0,0,7.3,86
2025-12-04 20:14:17,717,0,0,7.3,87
2025-12-04 20:14:31,720,0,0,7.3,87
2025-12-04 20:14:45,702,0,0,7.3,87
2025-12-04 20:14:54,721,0,0,7.3,87
2025-12-04 20:15:03,721,0,0,7.3,87
2025-12-04 20:15:13,719,0,0,7.3,87
2025-12-04 20:15:22,719,0,0,7.3,87
2025-12-04 20:15:31,733,0,0,7.3,87
2025-12-04 20:15:39,749,0,0,7.3,87
2025-12-04 20:15:56,723,0,0,7.3,87
2025-12-04 20:16:04,737,0,0,7.3,88
2025-12-04 20:16:21,741,0,0,7.4,88
2025-12-04 20:16:29,734,0,0,7.6,87
2025-12-04 20:16:38,752,0,0,7.7,87
2025-12-04 20:16:48,2064,0,0,7.7,88
2025-12-04 20:16:56,2317,0,0,7.7,87
2025-12-04 20:17:08,2455,0,0,7.7,88
2025-12-04 20:17:16,2526,0,0,7.7,88
2025-12-04 20:17:24,2471,0,0,7.7,88
2025-12-04 20:17:32,2339,0,0,7.7,88
2025-12-04 20:17:40,2304,0,0,7.7,88
2025-12-04 20:17:49,1872,0,0,7.7,87
2025-12-04 20:17:57,2255,0,0,7.7,88
2025-12-04 20:18:05,2270,0,0,7.7,88
2025-12-04 20:18:13,2269,0,0,7.7,88
2025-12-04 20:18:21,2081,0,0,7.7,88
2025-12-04 20:18:29,2039,0,0,7.7,88
2025-12-04 20:18:37,2170,0,0,7.6,88
2025-12-04 20:18:45,2331,0,0,7.7,88
2025-12-04 20:18:53,2330,0,0,7.7,88
2025-12-04 20:19:01,2443,0,0,7.7,88
2025-12-04 20:19:10,2432,0,0,7.7,88
2025-12-04 20:19:18,2357,0,0,7.7,88
2025-12-04 20:19:27,2341,0,0,7.7,88
2025-12-04 20:19:35,2064,0,0,7.7,88
2025-12-04 20:19:46,2459,0,0,7.7,88
2025-12-04 20:19:54,2400,0,0,7.7,88
2025-12-04 20:20:07,2415,0,0,7.6,88
2025-12-04 20:20:25,2413,0,0,7.7,88
2025-12-04 20:20:51,2139,0,0,7.7,87
2025-12-04 20:21:02,2347,0,0,7.7,87
2025-12-04 20:21:12,2223,0,0,7.7,87
2025-12-04 20:21:21,2385,0,0,7.7,87
2025-12-04 20:21:45,2432,0,0,7.6,87
2025-12-04 20:22:42,2647,0,0,7.6,88
2025-12-04 20:23:22,2627,0,0,7.7,88
2025-12-04 20:23:55,2469,0,0,7.7,87
2025-12-04 20:24:14,2491,0,0,7.7,87
2025-12-04 20:24:22,2423,0,0,7.7,87
2025-12-04 20:24:32,2441,0,0,7.7,88
2025-12-04 20:24:42,2404,0,0,7.7,87
2025-12-04 20:24:50,2445,0,0,7.7,87
2025-12-04 20:24:59,2631,0,0,7.7,87
2025-12-04 20:25:08,2470,0,0,7.7,87
2025-12-04 20:25:21,2461,0,0,7.7,87
2025-12-04 20:25:30,2522,0,0,7.7,87
2025-12-04 20:25:38,3051,0,0,7.7,87
2025-12-04 20:25:59,2835,0,0,7.7,87
2025-12-04 20:26:25,3115,0,0,7.7,86
2025-12-04 20:26:33,3021,0,0,7.7,86
2025-12-04 20:26:41,2906,0,0,7.7,86
2025-12-04 20:26:50,2863,0,0,7.7,86
2025-12-04 20:27:07,2682,0,0,7.7,86
2025-12-04 20:27:15,2691,0,0,7.3,86
2025-12-04 20:27:24,2545,0,0,7.3,86
2025-12-04 20:27:32,2559,0,0,7.3,86
2025-12-04 20:27:47,2492,0,0,7.3,86
2025-12-04 20:27:56,2506,0,0,7.3,85
2025-12-04 20:28:04,2535,0,0,7.3,85
2025-12-04 20:28:12,2497,0,0,7.3,85
2025-12-04 20:28:25,2554,0,0,7.3,85
2025-12-04 20:28:33,2559,0,0,7.3,85
2025-12-04 20:28:56,2448,0,0,7.3,85
2025-12-04 20:29:07,2508,0,0,7.3,85
2025-12-04 20:29:15,2460,0,0,7.3,85
2025-12-04 20:29:23,2278,0,0,7.3,85
2025-12-04 20:29:31,2239,0,0,7.3,86
2025-12-04 20:29:40,2213,0,0,7.3,86
2025-12-04 20:29:58,2428,0,0,7.3,86
2025-12-04 20:30:06,2454,0,0,7.3,86
2025-12-04 20:30:15,2446,0,0,7.3,86
2025-12-04 20:30:23,2439,0,0,7.3,86
2025-12-04 20:30:31,2451,0,0,7.3,86
2025-12-04 20:30:40,2432,0,0,7.3,86
2025-12-04 20:30:48,2481,0,0,7.3,86
2025-12-04 20:30:56,2451,0,0,7.3,86
2025-12-04 20:31:05,2489,0,0,7.3,86
2025-12-04 20:31:19,2446,0,0,7.3,86
2025-12-04 20:31:28,2443,0,0,7.3,86
2025-12-04 20:31:37,2436,0,0,7.3,86
2025-12-04 20:31:46,2459,0,0,7.3,86
2025-12-04 20:31:58,2446,0,0,7.3,86
2025-12-04 20:32:07,2411,0,0,7.3,86
2025-12-04 20:32:25,2427,0,0,7.3,85
2025-12-04 20:32:34,2396,0,0,7.3,85
2025-12-04 20:32:43,2390,0,0,7.3,85
2025-12-04 20:32:52,2386,0,0,7.3,85
2025-12-04 20:33:02,2389,0,0,7.3,85
2025-12-04 20:33:19,2398,0,0,7.3,85
2025-12-04 20:33:36,2391,0,0,7.3,85
2025-12-04 20:33:44,2378,0,0,7.3,85
2025-12-04 20:33:54,2394,0,0,7.3,86
2025-12-04 20:34:07,2355,0,0,7.3,86
2025-12-04 20:35:26,2227,0,0,7.3,86
2025-12-04 20:35:35,2257,0,0,7.3,86
2025-12-04 20:35:51,2207,0,0,7.3,86
2025-12-04 20:36:20,2223,0,0,7.3,86
2025-12-04 20:36:55,2297,0,0,7.3,85
2025-12-04 20:37:21,2303,0,0,7.3,85
2025-12-04 20:37:47,2326,0,0,7.3,85
2025-12-04 20:38:00,2609,0,0,7.2,85
2025-12-04 20:38:08,2479,0,0,7.2,86
2025-12-04 20:38:17,2501,0,0,7.2,86
2025-12-04 20:38:26,2633,0,0,7.3,86
2025-12-04 20:38:44,2827,0,0,7.3,86
2025-12-04 20:38:53,2974,0,0,7.3,86
2025-12-04 20:39:01,3071,0,0,7.3,86
2025-12-04 20:39:09,3031,0,0,7.3,86
2025-12-04 20:39:18,3120,0,0,7.3,86
2025-12-04 20:39:27,3151,0,0,7.3,86
2025-12-04 20:39:35,3181,0,0,7.2,86
2025-12-04 20:39:43,3169,0,0,7.2,86
2025-12-04 20:39:51,3149,0,0,7.3,86
2025-12-04 20:39:59,3122,0,0,7.3,86
2025-12-04 20:40:08,3024,0,0,7.3,86
2025-12-04 20:40:17,2981,0,0,7.3,86
2025-12-04 20:40:25,2961,0,0,7.3,86
2025-12-04 20:40:33,2975,0,0,7.3,87
2025-12-04 20:40:42,2965,0,0,7.3,87
2025-12-04 20:40:50,2975,0,0,7.3,87
2025-12-04 20:40:58,3003,0,0,7.3,87
2025-12-04 20:41:06,3028,0,0,7.3,87
2025-12-04 20:41:14,3007,0,0,7.3,87
2025-12-04 20:41:22,2965,0,0,7.3,87
2025-12-04 20:41:30,2981,0,0,7.3,87
2025-12-04 20:41:39,2967,0,0,7.3,87
2025-12-04 20:41:48,3001,0,0,7.3,87
2025-12-04 20:41:56,3007,0,0,7.3,87
2025-12-04 20:42:04,3056,0,0,7.3,87
2025-12-04 20:42:12,3126,0,0,7.3,88
2025-12-04 20:42:21,3107,0,0,7.3,87
2025-12-04 20:42:29,3153,0,0,7.3,88
2025-12-04 20:42:38,3127,0,0,7.3,88
2025-12-04 20:43:03,3050,0,0,7.3,88
2025-12-04 20:43:11,3025,0,0,7.3,88
2025-12-04 20:43:19,3034,0,0,7.3,88
2025-12-04 20:43:29,2940,0,0,7.4,88
2025-12-04 20:43:38,3299,0,0,7.5,88
2025-12-04 20:43:46,3223,0,0,7.7,88
2025-12-04 20:43:54,3243,0,0,7.7,88
2025-12-04 20:44:16,3172,0,0,7.7,88
2025-12-04 20:44:26,3163,0,0,7.7,88
2025-12-04 20:44:34,3107,0,0,7.7,88
2025-12-04 20:44:42,2908,0,0,7.7,88
2025-12-04 20:44:58,2860,0,0,7.7,88
2025-12-04 20:45:08,2850,0,0,7.7,88
2025-12-04 20:45:16,2930,0,0,7.7,88
2025-12-04 20:45:24,3069,0,0,7.7,88
2025-12-04 20:45:33,2979,0,0,7.7,88
2025-12-04 20:45:43,3212,0,0,7.7,88
2025-12-04 20:46:00,2704,0,0,7.7,88
2025-12-04 20:46:08,2859,0,0,7.7,88
2025-12-04 20:46:17,2865,0,0,7.7,88
2025-12-04 20:46:25,2963,0,0,7.7,88
2025-12-04 20:46:34,3111,0,0,7.7,88
2025-12-04 20:46:42,3014,0,0,7.7,88
2025-12-04 20:46:51,2960,0,0,7.7,88
2025-12-04 20:46:59,2685,0,0,7.7,87
2025-12-04 20:47:07,2625,0,0,7.7,88
2025-12-04 20:47:17,2619,0,0,7.7,87
2025-12-04 20:47:26,2731,0,0,7.7,87
2025-12-04 20:49:47,2769,0,0,7.7,87
2025-12-04 20:49:58,2833,0,0,7.7,87
2025-12-04 20:50:25,2746,0,0,7.7,87
2025-12-04 20:50:36,2919,0,0,7.7,87
2025-12-04 20:51:33,2930,0,0,7.7,87
2025-12-04 20:52:37,2704,0,0,7.7,87
2025-12-04 20:53:01,2559,0,0,7.7,87
2025-12-04 20:53:10,2694,0,0,7.7,87
2025-12-04 20:53:19,2607,0,0,7.6,87
2025-12-04 20:53:27,2596,0,0,7.7,87
2025-12-04 20:53:35,2554,0,0,7.7,87
2025-12-04 20:53:47,2540,0,0,7.7,87
2025-12-04 20:53:57,2493,0,0,7.7,87
2025-12-04 20:54:07,2517,0,0,7.7,87
2025-12-04 20:54:51,543,0,0,7.7,88
2025-12-04 20:55:07,511,0,0,7.7,88
2025-12-04 20:56:44,3362,0,0,7.3,88
2025-12-04 20:56:53,3621,0,0,7.3,88
2025-12-04 20:57:04,3422,0,0,7.3,88
2025-12-04 20:57:30,3262,0,0,7.3,88
2025-12-04 20:57:48,2605,0,0,7.3,88
2025-12-04 20:58:01,2828,0,0,7.3,88
2025-12-04 20:58:11,2799,0,0,7.3,88
2025-12-04 20:58:19,2978,0,0,7.3,88
2025-12-04 20:58:27,2959,0,0,7.3,88
2025-12-04 20:58:36,2848,0,0,7.6,88
2025-12-04 20:58:44,2813,0,0,7.7,88
2025-12-04 20:58:52,2802,0,0,7.7,88
2025-12-04 20:59:00,2822,0,0,7.7,88
2025-12-04 20:59:09,3120,0,0,7.7,88
2025-12-04 20:59:18,3374,0,0,7.7,88
2025-12-04 20:59:26,3801,0,0,7.7,88
2025-12-04 20:59:34,3811,0,0,7.7,88
2025-12-04 20:59:44,3741,0,0,7.7,88
2025-12-04 20:59:53,3598,0,0,7.7,88
2025-12-04 21:00:04,609,0,0,7.7,88
2025-12-04 21:00:13,625,0,0,7.7,88
2025-12-04 21:00:22,609,0,0,7.7,88
2025-12-04 21:00:32,637,0,0,7.7,88
2025-12-04 21:00:48,624,0,0,7.7,89
2025-12-04 21:00:57,624,0,0,7.6,89
2025-12-04 21:01:06,624,-1,0,7.7,89
2025-12-04 21:01:14,630,-1,0,7.7,89
2025-12-04 21:01:22,625,0,0,7.7,89
2025-12-04 21:01:31,615,0,0,7.7,89
2025-12-04 21:01:49,640,0,0,7.7,89
2025-12-04 21:01:57,643,-1,0,7.6,89
2025-12-04 21:02:05,629,0,0,7.7,89
2025-12-04 21:02:14,642,0,0,7.7,89
2025-12-04 21:02:22,631,0,0,7.7,89
2025-12-04 21:02:46,656,0,0,7.7,89
2025-12-04 21:02:54,654,0,0,7.7,88
2025-12-04 21:03:18,654,0,0,7.7,89
2025-12-04 21:03:27,672,0,0,7.7,89
2025-12-04 21:03:43,669,0,0,7.6,89
2025-12-04 21:03:51,685,0,0,7.7,89
2025-12-04 21:04:00,674,0,0,7.6,89
2025-12-04 21:04:09,687,0,0,7.6,89
2025-12-04 21:04:17,668,0,0,7.6,89
2025-12-04 21:04:41,679,0,0,7.6,89
2025-12-04 21:04:51,674,0,0,7.7,89
2025-12-04 21:05:06,678,0,0,7.7,89
2025-12-04 21:05:15,681,0,0,7.7,89
2025-12-04 21:05:23,685,0,0,7.6,89
2025-12-04 21:05:32,694,0,0,7.7,89
2025-12-04 21:05:40,671,0,0,7.7,89
2025-12-04 21:05:48,709,-1,0,7.6,89
2025-12-04 21:05:57,682,0,0,7.7,89
2025-12-04 21:06:05,690,0,0,7.7,89
2025-12-04 21:06:15,700,0,0,7.6,89
2025-12-04 21:06:26,720,0,0,7.7,89
2025-12-04 21:06:34,726,0,0,7.7,89
2025-12-04 21:06:43,722,0,0,7.7,89
2025-12-04 21:06:51,750,0,0,7.7,89
2025-12-04 21:07:00,735,0,0,7.7,90
2025-12-04 21:07:09,753,0,0,7.7,90
2025-12-04 21:07:17,779,0,0,7.6,90
2025-12-04 21:07:27,780,0,0,7.7,90
2025-12-04 21:07:36,818,0,0,7.7,90
2025-12-04 21:07:45,3847,0,0,7.7,90
2025-12-04 21:07:56,4054,0,0,7.7,90
2025-12-04 21:08:04,4095,0,0,7.7,90
2025-12-04 21:08:31,2947,0,0.57,7.7,90
2025-12-04 21:08:45,3005,0,0,7.7,91
2025-12-04 21:08:53,3018,0,0,7.7,91
2025-12-04 21:09:01,2995,0,0,7.7,91
2025-12-04 21:09:10,2949,0,0,7.7,91
2025-12-04 21:09:20,2998,0,0,7.7,91
2025-12-04 21:09:30,3185,0,0,7.7,91
2025-12-04 21:09:38,3210,0,0,7.7,91
2025-12-04 21:09:47,3392,0,0,7.7,91
2025-12-04 21:09:56,3555,0,0,7.7,91
2025-12-04 21:10:04,3781,0,0,7.7,91
2025-12-04 21:10:12,3985,0,0,7.7,91
2025-12-04 21:10:21,4095,0,0,7.7,91
2025-12-04 21:10:30,4095,0,0,7.7,91
2025-12-04 21:10:38,4095,0,0,7.7,91
2025-12-04 21:10:46,4095,0,0,7.7,91
2025-12-04 21:10:54,4095,0,0,7.7,91
2025-12-04 21:11:02,4095,0,0,7.7,91
2025-12-04 21:11:11,4095,0,0,7.7,91
2025-12-04 21:11:22,4095,0,0,7.7,91
2025-12-04 21:11:33,4095,0,0,7.7,91
2025-12-04 21:11:43,4095,0,0,7.7,91
2025-12-04 21:11:54,4095,0,0,7.7,91
2025-12-04 21:12:05,4095,0,0,7.7,91
2025-12-04 21:12:14,4095,0,0,7.7,91
2025-12-04 21:12:22,4095,0,0,7.8,91
2025-12-04 21:12:30,4095,0,0,8.1,91
2025-12-04 21:12:39,4095,0,0,8.1,91
2025-12-04 21:13:04,4095,0,0,8.1,91
2025-12-04 21:13:12,4095,0,0,8.1,91
2025-12-04 21:13:23,4095,0,0,8.1,91
2025-12-04 21:13:35,4095,0,0,8.1,91
2025-12-04 21:13:47,4095,0,0,8.1,91
2025-12-04 21:13:55,4095,0,0,8.1,91
2025-12-04 21:14:05,3260,0,0,8.1,91
2025-12-04 21:14:14,3187,0,0,8.1,91
2025-12-04 21:14:22,3187,0,0,8.1,91
2025-12-04 21:14:30,3118,0,0,8.1,91
2025-12-04 21:14:40,3118,0,0,8.1,91
2025-12-04 21:14:48,3190,0,0,8.1,91
2025-12-04 21:14:56,3139,0,0,8.1,91
2025-12-04 21:15:24,3134,0,0,8.1,91
2025-12-04 21:15:32,3010,0,0,8.1,91
2025-12-04 21:15:43,2993,0,0,8.1,91
2025-12-04 21:15:51,2999,0,0,8.1,91
2025-12-04 21:16:07,4095,0,0,8.1,91
2025-12-04 21:16:16,4095,0,0,8.1,91
2025-12-04 21:16:24,4095,0,0,8.1,91
2025-12-04 21:16:32,4095,0,0,8.1,91
2025-12-04 21:16:40,3951,0,0,8.1,91
2025-12-04 21:16:48,4018,0,0,8.1,91
2025-12-04 21:16:59,4095,0,0,8.1,91
2025-12-04 21:17:07,4095,0,0,8.1,91
2025-12-04 21:17:15,4095,0,0,8.1,91
2025-12-04 21:17:27,4032,0,0,8.1,91
2025-12-04 21:17:38,3583,0,0,8.1,91
2025-12-04 21:17:47,3650,0,0,8.1,91
2025-12-04 21:17:56,4095,0,0,8.1,91
2025-12-04 21:18:05,4095,0,0,8.1,91
2025-12-04 21:18:19,4095,0,0,8.1,91
2025-12-04 21:18:30,4095,0,0,8.1,91
2025-12-04 21:18:38,4095,0,0,8.1,91
2025-12-04 21:18:53,4095,0,0,8.1,91
2025-12-04 21:19:01,4095,0,0,8.1,91
2025-12-04 21:19:15,4095,0,0,8.1,91
2025-12-04 21:19:34,4095,0,0,8.1,90
2025-12-04 21:19:45,4095,0,0,8.1,90
2025-12-04 21:19:54,4095,0,0,8.1,90
2025-12-04 21:20:03,3972,0,0,8.1,90
2025-12-04 21:20:14,3395,0,0,8.1,90
2025-12-04 21:20:25,3386,0,0,8.1,90
2025-12-04 21:20:37,3147,0,0,8.1,90
2025-12-04 21:20:47,2927,0,0,8.1,90
2025-12-04 21:20:55,2934,0,0,8.1,90
2025-12-04 21:21:03,2947,0,0,8.1,90
2025-12-04 21:21:12,2954,0,0,8.1,90
2025-12-04 21:21:21,3024,0,0,8.1,90
2025-12-04 21:21:29,3183,0,0,8.1,90
2025-12-04 21:21:38,2937,0,0,8.1,90
2025-12-04 21:21:48,2958,0,0,8.1,90
2025-12-04 21:21:57,2962,0,0,8.1,90
2025-12-04 21:22:06,2651,0,0,8.2,90
2025-12-04 21:22:15,2627,0,0,8.1,90
2025-12-04 21:22:23,2621,0,0,8.2,89
2025-12-04 21:22:31,2634,0,0,8.2,90
2025-12-04 21:22:39,2603,0,0,8.2,90
2025-12-04 21:22:53,2293,0,0,8.3,90
2025-12-04 21:23:08,2283,0,0,8.2,89
2025-12-04 21:23:16,2258,0,0,8.4,90
2025-12-04 21:23:51,2382,0,0,8.5,90
2025-12-04 21:24:00,2335,0,0,8.5,90
2025-12-04 21:24:09,2327,0,0,8.5,89
2025-12-04 21:24:18,2366,0,0,8.5,89
2025-12-04 21:24:26,2323,0,0,8.5,90
2025-12-04 21:24:34,2640,0,0,8.5,90
2025-12-04 21:24:44,2659,0,0,8.5,90
2025-12-04 21:24:52,2663,0,0,8.5,89
2025-12-04 21:25:01,2452,0,0,8.5,90
2025-12-04 21:25:11,2467,0,0,8.5,90
2025-12-04 21:25:20,2460,0,0,8.5,89
2025-12-04 21:25:29,2461,0,0,8.5,89
2025-12-04 21:25:38,2463,0,0,8.5,89
2025-12-04 21:25:47,2474,0,0,8.5,89
2025-12-04 21:25:57,2494,0,0,8.5,90
2025-12-04 21:26:07,2471,0,0,8.5,89
2025-12-04 21:26:16,2460,0,0,8.5,89
2025-12-04 21:26:27,2480,0,0,8.5,90
2025-12-04 21:26:38,2481,0,0,8.5,90
2025-12-04 21:26:48,2391,0,0,8.5,89
2025-12-04 21:26:58,2250,0,0,8.5,90
2025-12-04 21:27:08,2255,0,0,8.5,90
2025-12-04 21:27:17,2250,0,0,8.5,89
2025-12-04 21:27:25,2256,0,0,8.5,90
2025-12-04 21:27:34,2240,0,0,8.5,89
2025-12-04 21:27:43,2239,0,0,8.5,89
2025-12-04 21:27:51,2227,0,0,8.5,89
2025-12-04 21:28:00,2237,0,0,8.5,89
2025-12-04 21:28:09,2217,0,0,8.5,89
2025-12-04 21:28:17,2263,0,0,8.5,89
2025-12-04 21:28:26,2224,0,0,8.5,89
2025-12-04 21:28:35,2227,0,0,8.5,89
2025-12-04 21:28:45,2274,0,0,8.5,89
2025-12-04 21:28:53,2416,0,0,8.5,89
2025-12-04 21:29:03,2434,0,0,8.5,89
2025-12-04 21:29:12,2422,0,0,8.5,89
2025-12-04 21:29:27,2451,0,0,8.5,89
2025-12-04 21:29:36,2437,0,0,8.5,89
2025-12-04 21:29:45,2454,0,0,8.5,89
2025-12-04 21:29:53,2459,0,0,8.5,89
2025-12-04 21:30:02,2463,0,0,8.5,89
2025-12-04 21:30:10,2471,0,0,8.5,89
2025-12-04 21:30:20,2471,0,0,8.5,89
2025-12-04 21:30:29,2448,0,0,8.5,89
2025-12-04 21:30:38,2448,0,0,8.5,89
2025-12-04 21:30:46,2975,0,0,8.5,89
2025-12-04 21:30:55,2483,0,0,8.5,89
2025-12-04 21:31:04,2462,0,0,8.5,89
2025-12-04 21:31:12,2455,0,0,8.5,89
2025-12-04 21:31:22,2483,0,0,8.5,89
2025-12-04 21:31:31,2481,0,0,8.5,89
2025-12-04 21:32:01,2962,0,0,8.5,89
2025-12-04 21:32:10,2945,0,0,8.5,89
2025-12-04 21:32:19,2962,0,0,8.5,89
2025-12-04 21:32:27,3083,0,0,8.5,89
2025-12-04 21:32:36,3055,0,0,8.5,89
2025-12-04 21:32:44,3105,0,0,8.5,89
2025-12-04 21:32:56,2749,0,0,8.5,89
2025-12-04 21:33:07,2768,0,0,8.5,89
2025-12-04 21:33:16,2750,0,0,8.5,89
2025-12-04 21:33:25,2741,0,0,8.5,89
2025-12-04 21:33:48,2721,0,0,8.5,89
2025-12-04 21:34:06,2651,0,0,8.5,89
2025-12-04 21:34:24,2550,0,0,8.5,89
2025-12-04 21:34:32,2615,0,0,8.2,88
2025-12-04 21:34:45,2559,0,0,8.2,89
2025-12-04 21:34:55,2448,0,0,8.2,88
2025-12-04 21:35:07,2529,0,0,8.1,88
2025-12-04 21:35:17,2592,0,0,8.1,88
2025-12-04 21:35:27,3042,0,0,8.1,88
2025-12-04 21:35:35,3031,0,0,8.1,88
2025-12-04 21:35:45,2640,0,0,8.1,88
2025-12-04 21:35:55,2756,0,0,8.1,88
2025-12-04 21:36:03,3166,0,0,8.1,88
2025-12-04 21:36:20,3104,0,0,8.1,88
2025-12-04 21:36:29,3120,0,0,8.1,88
2025-12-04 21:36:38,3125,0,0,8.1,88
2025-12-04 21:36:47,3088,0,0,8.1,88
2025-12-04 21:36:55,3173,0,0,8.1,88
2025-12-04 21:37:06,3201,0,0,8.1,88
2025-12-04 21:37:15,2737,0,0,8.1,88
2025-12-04 21:37:24,2810,0,0,8.1,88
2025-12-04 21:37:32,3171,0,0,8.1,88
2025-12-04 21:37:56,3190,0,0,8.1,89
2025-12-04 21:38:04,3440,0,0,8.1,89
2025-12-04 21:38:26,3663,0,0,8.2,89
2025-12-04 21:38:35,3647,0,0,8.1,88
2025-12-04 21:38:53,3854,0,0,8.1,89
2025-12-04 21:39:07,3236,0,0,8.1,89
2025-12-04 21:39:25,3659,0,0,8.1,89
2025-12-04 21:39:34,3681,0,0,8.1,88
2025-12-04 21:39:42,3839,0,0,8.1,88
2025-12-04 21:39:59,4095,0,0,8.1,88
2025-12-04 21:40:08,4095,0,0,8.1,88